userId,username,totalPoints
7562902,"mrekk",8557.169935
12408961,"MALISZEWSKI",5544.325503
1719471,"EZChamp",2789.132493
16817965,"Kamensh1k",2451.148622
8007528,"Raikouhou",2018.490103
13057699,"z9a",2003.397492
7341183,"ASecretBox",1778.788880
11443437,"[Karcher]",1742.994517
9269034,"Akolibed",1584.921751
8472976,"Suyung_",1584.708740
14106450,"worst hr player",1574.683090
9849451,"NaPiii_",1518.825608
7512553,"Utami",1387.412668
12159899,"MineFrostID",1348.829722
7780605,"Fleh",1339.607644
14215850,"bunnylikemoney",1314.501172
13767572,"Saiyku",1263.491913
3717598,"xootynator",1258.483004
2165650,"mcy4",1254.208328
5182050,"Bubbleman",1177.408710
7813296,"rektygon",1176.287616
4504101,"WhiteCat",1161.236577
8640970,"enri",1155.711892
5981005,"gamer228666",1147.805014
5339515,"Mathi",1123.828193
5199332,"Chicony",1108.978588
12118967,"Zentoro",1033.304510
8660293,"willy0214",1027.015190
4787150,"Vaxei",987.239816
4108547,"WindowLife",973.689986
124493,"chocomint",922.470103
13609904,"PinkEyeFan2013",901.430756
10743390,"RafaMat",896.910796
11375105,"4k110sh1",838.682852
8116659,"criller",824.131214
5527745,"Abyssal",822.653177
9224078,"FlyingTuna",762.013507
13300203,"yary",759.725951
8251785,"killer2007",727.079916
7959945,"calebshucks",681.046021
11553627,"Jemzsee",678.427073
15885344,"nooneloves",640.765638
4734703,"NathanRam1918",640.490208
10549880,"NINERIK",633.464831
19256705,"Cymango",631.798447
9459674,"maxim",627.896223
10634348,"EthantrixV3",604.990869
9938943,"aknzx",595.109948
9712285,"desuqe",573.782738
2546001,"Intercambing",566.278143
3765989,"okinamo",565.499324
5033077,"Zylice",555.277044
11552867,"Welter",554.282161
7918057,"Shyot73",548.675053
2558286,"Rafis",544.791951
16320893,"Dever",541.962407
9211924,"Melvr",534.620053
11806306,"Zyntex",519.708456
1860489,"_Shield",510.282897
11399348,"fragranceofpage",503.900714
6157605,"Topoi",494.173790
16139008,"sharytory",493.354418
11243772,"reimia",483.001183
8799923,"Suyong_",469.012720
2012453,"PikaPwn",463.663032
15293080,"clafrelys",459.524049
15225729,"Exxotl",458.427764
284905,"Ekoro",455.935174
3171691,"BTMC",453.408661
10077132,"monte",443.785898
12873118,"smozhen",441.626705
8581210,"8581210",436.867664
14097024,"thank you",433.317514
8788058,"Jakson",427.490271
13108233,"milosz",425.287834
14503423,"misha awa",422.545946
12241010,"Tutel",419.210589
15339747,"runnysunny",415.481614
2291265,"Arnold24x24",415.091478
2511839,"NeliNyan",409.691230
3345902,"Varvalian",399.913910
4511522,"Doomsday fanboy",384.949532
6788821,"Dempsey",380.250016
16870029,"vljoy209",377.097811
6304246,"puppy",372.444177
7075211,"tekkito",370.136477
15908405,"My Angle Okayu",365.284247
4209965,"Bonk",359.890550
1492995,"zonelouise",359.119070
12366071,"bsm",358.945605
10651106,"Pezz",354.350737
8856806,"ChocoPafe",342.842003
2932510,"wuhua",341.211586
11345690,"velcro shoes",337.815401
6646269,"1v9",336.940299
15780777,"big_tatik",332.204659
6524092,"VoProSSoFF",325.916961
10760701,"hexi",321.487117
15556397,"Srr 4",319.940663
11215030,"argweid",319.128846
12736534,"treyarch",315.876596
7341471,"BossPlays",310.958538
1876565,"Mastasz",309.400089
18153252,"tsumiya",300.333086
4581069,"etn",299.622764
17724014,"Alfiu",299.186140
612898,"nicki1324",296.884555
10903510,"trumpatino69",296.304335
12779141,"gnahus",292.448821
8696866,"nicebroccoli",292.085138
12976255,"NYASH",289.465193
9642774,"milktea0019",283.612601
7627844,"Mahmood",281.467116
11509631,"Hagawobla",275.514458
13380270,"Kama",270.265254
11367222,"lifeline",269.340336
18903701,"Dreamz",269.232827
11207004,"tfge",267.844064
10188022,"-Hirata",265.883933
9313951,"Tsuwagi",264.641097
13304804,"sarboggly",261.870045
9265990,"rng_",261.494107
12169267,"315",259.912992
14676719,"TTv_UFO",258.849497
16900233,"awesome sauce",258.482328
10092099,"Pablohh",256.610663
19851850,"cloppit",251.937653
9896317,"Remiyuu",250.546678
9405745,"scylla",246.158925
9508109,"onetabby",245.411591
4928776,"AxewB",244.083485
20501126,"6Nusu9",243.276136
14992852,"lil bread",242.686172
4175698,"sytho",241.530958
13068741,"LyeRR",240.432889
15406985,"Ivaxa",239.491467
1419095,"Aricin",236.875052
10323184,"Flaro",233.419637
5155973,"Rizer",232.606424
10270787,"Mekeyo",230.525461
9072586,"Andros",230.469099
11481765,"RAFUNA",229.314463
29055863,"M1nTe4",224.979275
12952320,"aimbotcone",222.418408
9783155,"NieTheDie",219.732063
12254421,"ZaNy_",212.546160
21619075,"def",212.544188
16616677,"CyberOni",212.351658
12378737,"Ryugia",211.484523
7806847,"suly",211.321156
12353810,"papercandle",208.909690
11626318,"reused",208.780476
10748631,"Tommy315",206.749922
1336437,"gusrua123",206.250316
13065919,"R1cho",202.273502
11684622,"Sh4rq_",201.227606
5423872,"ruirui",200.424664
15816872,"Ledeau_Fox",195.189297
8868635,"Egor",192.561649
19998548,"suntanCTM",192.264538
9227895,"LordGabriel",191.749133
6668666,"elsi",190.644465
17730661,"OnlyHadley",189.948986
10890712,"Tonnisdk",188.136637
11930908,"AdrianLabubu67",187.152559
6922333,"yadon",185.007492
11456186,"nevergrace",184.171090
2766034,"Umbre",184.086302
5477343,"kurtis-",183.866552
6404488,"bocchicookie",182.839603
13062430,"marcel7",182.693260
5774823,"Rupertion",180.284835
10223298,"NOUMEN BREAK",177.814386
10145502,"WooperFan1",176.650310
14176480,"Raspigaous",175.726529
5326197,"Invoker",175.492382
2094566,"FGSky",175.465851
11198996,"A21",175.086289
12420904,"gakuw",174.582843
18092331,"Lesperry",173.130653
7613309,"matcha",170.853370
10333154,"synoxa",170.204579
17117482,"Pabloniichan",170.204579
8454773,"MegaMK",169.552778
12137295,"jahkon",168.869925
18946207,"Nekore",168.308412
7972980,"-Din-",167.445727
7351448,"fedotoff",166.536018
8335950,"Reedkatt",165.799730
14883110,"KPOBYIIIKA",164.238634
14249222,"Ethan2222",162.140548
4256461,"Riot",161.782629
11310423,"ozy",160.923143
21811804,"Akuma no Tenshi",157.234780
11592896,"budge",156.678090
9818947,"Zpinxx",156.559845
20963631,"Dumb-Andy",154.560572
7410343,"Xaver",153.238185
7108275,"i love manosaba",148.250678
9254536,"khz",146.962467
4170932,"Red_Pixel",146.653256
18131614,"polski1",145.688000
9203793,"xep",144.959488
17462509,"MiMiTooU",143.834173
16270893,"kyojaku",142.978301
11604978,"luciano",142.179994
14919428,"Aheo",141.537623
11269055,"supernoob2018",140.347872
4250296,"thaibuy",138.697357
11983229,"Norlain",138.429986
15567583,"MYKEYBOARD",138.400123
9719351,"minefieldsurfer",138.336595
17446380,"bananachi",138.233517
5218178,"MALTESER",138.210640
7027766,"Chipori",138.170362
17381728,"Toji_fushiguro_",137.955565
10652837,"Rammu",137.486899
14385814,"Tim Kackner",137.106992
12796317,"oPixay",134.799744
4301976,"Hifkil",134.780341
9106690,"-Petar",132.869189
9052194,"Allegrissimo",131.973010
4432408,"Toesu",129.981381
7724148,"John Aim",128.263058
17649390,"pupusa",127.602873
1473890,"badeu",126.781931
8666950,"karate",126.697512
3126596,"Mlaw",126.658650
11921197,"Shiox",126.635093
12110337,"Binninja",126.476011
13484596,"Impowster",124.308477
16774872,"saim",123.619973
13212181,"Zanzabar",123.037843
16529875,"Wanderio",122.733652
4650315,"idke",120.636178
14361133,"Spacus",120.304540
10199538,"SL1PER",120.019858
11234706,"ZeitFrost",119.882730
8725569,"MikeyRea Grape",119.618260
13056953,"Toy0Ta",119.551826
4495889,"Unexpected",119.535843
12970596,"Gurbzy",119.356970
19026367,"Cossin",118.184051
11819046,"WhiteWoofWoolf",117.484025
14582697,"HeyCat_",116.504730
17440191,"Equidimensional",116.373186
3792472,"Woey",115.987689
10717635,"Hakui Koyori",114.302756
13705417,"Rafugapu",112.548018
11351654,"Epes",111.818287
12231397,"plee",110.884909
7525949,"shimon",110.264276
10077431,"Plasma",107.794922
5426769,"centrux",104.828483
3328742,"Trail Mix",104.749078
10424717,"ka1rskiy",104.717513
22082286,"Weetab",104.715906
18386465,"David Seymour",104.516440
6600930,"yamss",104.375789
9961301,"Daisuke Narotan",104.343293
11141578,"NichoIas",103.439467
11195861,"GodRoPoNiKa",102.419210
13245208,"netraena",97.455091
19577872,"Reisen-Desu",96.130648
14844399,"Nazuna Nanakusa",96.130648
14232033,"AC_",96.130648
12178286,"-NS",96.130648
10909049,"Crestive",96.105562
7818990,"Cheyne",95.932048
2944449,"marwin",95.893905
11811792,"Sorae",94.854218
10069909,"tsunagite",94.228280
12309147,"Mizeree",94.155150
9513980,"Tartis",93.942897
11159039,"Yseri",92.841837
9923423,"RageMuffin",92.465273
9993348,"ur cute",92.231095
8529128,"Victoor",92.110934
9820878,"Kotsik",92.001777
6574823,"haga1115",91.614869
17202789,"YMD",91.315073
14035338,"Evernight",91.308842
1906975,"Hellotomlol225",90.606223
14139392,"Bazingasdead",90.588129
14671051,"Furamun",89.939175
4830687,"BoshyMan741",89.928868
7438459,"ricoel",89.621691
11800154,"Sherbet",89.543327
7333471,"everless",89.256606
11113213,"Alyra",88.121358
10567112,"Alfrah",86.480226
15095811,"origin_",86.458685
19827029,"fallenbtw",86.379955
10852203,"yencis",85.715122
12776754,"Joyi",85.573337
16555504,"ProPlaysForMe",85.153002
11375251,"Amasetic",84.863279
2323131,"fedoragoose",84.573986
17851835,"bern1sh",84.414662
754565,"Dustice",84.330895
7774197,"Endura",84.279180
5724445,"Jesse Pinkman",84.259190
14282987,"szedis",83.894433
5447609,"Demonical",83.623862
15422323,"-Legoshi-",82.937130
2155578,"Azer",82.435913
6479616,"Mornis",82.412545
25511941,"Anoranza",82.383906
3149577,"Coreanmaluco",82.353428
6114695,"ciru",82.139333
9902255,"Apostol",82.101134
20534843,"DONCARLITOS",81.666897
3772251,"Ephix",80.909263
3162741,"Aotoleen",80.652316
16036374,"MR JEFFERY",80.134114
3036545,"975250450",79.864475
4196808,"Karthy",79.015373
9276293,"EzChock",78.639698
14267996,"Cocali",78.579668
1650010,"Aireu",78.376593
16348690,"adomeium",78.364163
10966088,"splenty",77.713129
5645231,"decaten",77.132191
4141918,"Thundur",77.038962
7961288,"Kluchen",76.932337
5370153,"Exarch",76.590145
22536015,"shwq",76.555581
9888266,"HikkaSka",76.345836
4845266,"haruchi",76.036455
1646397,"Crystal",75.996204
22986777,"shouponpon",75.521636
7892320,"Zeisen Udongein",75.258770
10975777,"CutPaper",74.459446
17235399,"superi0r",74.157028
11684952,"VineOpoly",73.994107
23886866,"will smith",73.906670
31507014,"kemsi",73.635705
9723127,"ChaiPhukChep",73.294592
6194820,"larox Back2Form",73.156576
6671641,"Tosen Jordan",72.649793
9797230,"Gameroft",72.442870
16564766,"zhunque",72.418880
8198848,"Sawada",72.373048
11715109,"AlmightyDoor",71.692758
3595282,"Jyuifty",71.525551
24486749,"AstroVnz",71.071722
13016277,"iryl",70.641543
5177569,"yip",70.555764
11518376,"HaSappy",70.547170
26190981,"grog on osu",70.536623
12258658,"Tsfury",70.282105
20811939,"iweezz",69.577112
9650310,"Asckar",68.646543
1389663,"talala",68.585391
10121815,"Deeline",67.707108
4908650,"im a fancy lad",67.481173
12088216,"Lewis Hamilton",67.447886
4470775,"razorfruit",67.181992
4733185,"KonKonKinakoN",67.058406
16940378,"Jitterish",66.898249
7246165,"Kageno",66.865871
5175726,"Calideon",66.610334
5496627,"Mac",66.575669
11410595,"Niali",66.286756
20092579,"MoJIHu9I_MaKcuM",65.209939
11883736,"towren",64.907246
19359793,"Persona John",64.744783
5449433,"Ui chan",64.690931
13518421,"Jxir",64.358523
12215507,"Moonlit111",64.345122
17213856,"huyanh68",63.967971
16385977,"CBarAM06uJlb",63.750408
15429006,"palr",63.526537
12352926,"Demegozi",63.293640
4248481,"Meniwa",63.266875
2802727,"DarthInvaderZim",62.637165
7969090,"SkunkPunk",62.542750
25626082,"Satsukiiii",62.333862
2395405,"MAREK MARUCHA",62.185661
7096642,"WiggleCalt",62.065892
7657831,"justman",61.740637
4389490,"Penguo",61.603805
11971304,"JeadIng",61.498573
15887523,"SinqHD",61.407856
3517706,"[ Zane ]",61.248561
18217876,"ESCRUPULILLO",61.188981
18373966,"Okinari",60.752080
13959253,"Zucchiniii",60.619042
26653673,"BananaGamer1235",60.569213
11472811,"Uchirrod",60.396942
12284608,"RJbyM",60.254653
22274174,"CUPSIZEFAN",60.134699
16509171,"uatzap",59.947994
19887342,"Hober38",59.274901
11749569,"rngdle",58.932549
9975427,"Dwagon",58.867953
12389546,"eloj",58.867953
8901306,"C-L",58.708087
12434652,"Gonzah",57.060815
10056419,"PaintedKoala",56.928959
6215032,"Aoi Kiseki",56.830012
22080319,"trigon",56.796888
16263219,"[Eclipse]",56.646886
9049630,"Lefy",56.589495
11120124,"Xqeer",56.391427
8935379,"Slenderman",56.020531
3506793,"Viveliam",55.897743
2537924,"DazzLE_Wind",55.686684
12147277,"-Kedama",55.433622
11948617,"Saymel",55.121074
4682646,"maxbireo",54.645001
718454,"ThePooN",54.126599
7469192,"nobully",53.955580
21207816,"bored yes",53.755562
12667143,"Rykic",53.453182
4361729,"Wario",53.435327
13539892,"meramin",53.307227
14547194,"Azertyran",53.307227
9246648,"AmaoTchoupi",52.918221
14165027,"viet soin tech",52.655117
6090175,"lolol235",52.539041
30947671,"ecca",52.401824
10073635,"dench",51.559895
7341081,"Tikkanen",51.506618
6437601,"LoidKun",50.963057
10925451,"Mitage",50.759029
13744487,"Goold",50.638614
6387149,"kuzu222",50.634495
11398156,"Luszer",50.553589
5413624,"Hibiki",50.550724
15818398,"Yoo Da Hee",50.332767
16762558,"Peterbot",49.855623
11750028,"Thuya",49.569900
10569381,"Pregnancy",49.327229
2848604,"toybot",49.284578
29545680,"kr__",48.917867
11226645,"JackPaX",48.468777
8629003,"Good Boyy",48.107731
9820792,"nightlywind",48.066067
12595640,"Bajan Canadian",48.047702
18111064,"eruhar",48.026475
4585186,"Nopekjk",47.976962
20250190,"orngoos",47.848792
24611854,"Aminati",47.589071
20299701,"goga89",47.589071
6591496,"SadnessWillSear",47.457978
6735738,"A L E P H",47.278089
12352050,"aurora on osu",47.000867
5919819,"Woofel",46.907894
4959454,"A]]",46.618359
23925029,"Kyros_",46.486777
19341539,"Meraxei",46.383387
8275006,"-pare",46.264204
23162589,"DP285",46.045050
4458239,"ampy",45.852730
11479551,"[Q]",45.574819
19309181,"Indicolite",45.346120
12677757,"EPIC GAMBLING",45.322925
17485776,"L1ssak",45.322925
3516241,"Spazza17",45.322925
10778848,"cheeeeto",45.322925
7630971,"VROUM CV VITE",45.281084
11113490,"Legend_OZ",45.230279
14848176,"Yellow cat",44.929473
10531825,"Lawndred",44.903953
11072084,"Atsacity",44.864677
10145045,"Juh",44.601946
8702650,"Isak-",44.338460
11466630,"xoxyl",43.642641
6571991,"Arz3",43.601572
12204079,"Blah",43.577300
14661718,"Stinkster",43.327436
9929781,"EvilGamings",43.316091
10345787,"obkatiekat",43.279347
9199901,"BR00KLYN",43.234198
5472693,"Agent5d",43.145314
12031584,"juujep",43.062096
12145220,"Nekkid",42.978055
10463344,"Marjus",42.872536
10937890,"yukinasimp",42.718631
14592820,"Daf0nz",42.594813
2110845,"Rlsc",42.499183
17008453,"shinomontaj",42.341910
13872859,"SheDiK YT",42.341910
5403374,"dasdwqdf",42.278857
10778261,"Razei",42.103390
11021073,"baoo",41.808232
16178978,"anirupiyo",41.609469
13560194,"CharlioM9",41.605118
10204748,"xapgoc",41.584370
17792223,"nwd",41.537922
23303515,"Dugyy",41.445558
14633196,"r_kt",41.392304
15525103,"cr4shz1",41.369093
10325072,"fiaee",41.257009
8370755,"_Twent",41.208899
3533958,"fieryrage",41.201855
10359103,"Leasurex",40.906820
11547643,"pawb",40.682127
13206785,"Antaanar",40.613789
11885405,"xan_ly",40.611660
6916642,"Maiaz",40.460230
7787629,"rafal",40.457738
16620877,"Zever",40.098058
12005630,"Lewiz",39.950709
21706207,"gionuaS",39.784005
18504521,"ncrohawk",39.638385
13872272,"Sobu",39.637748
5455713,"SrChispa",39.609365
3995630,"Rampax",39.519846
2590257,"wudci",39.310288
8429128,"-Karu",38.872585
7280590,"InBefore",38.684109
7440783,"Aerora",38.656187
3048222,"Wakson",38.631010
13407873,"Ex Merami",38.575897
15802126,"Nederland",38.575897
9494931,"Julla",38.575897
11843859,"TacosCordoba",38.575897
14897088,"wooting",38.575897
4750008,"Skydiver",38.491696
3730848,"mx10000",38.381871
11415230,"Gambler",38.215615
9920144,"Chrona 4G",38.161496
15997508,"getenrou",38.104827
11415687,"Kurumiw",38.038228
11562243,"Leonard H",37.940095
14184577,"KNa-",37.792706
7477458,"Jordan The Bear",37.554988
21877230,"Darnix",37.532636
13323630,"Losorto",37.352786
4540667,"Another Guy",37.278524
8059468,"savilju",37.186710
3198446,"Sigmund Fraud",37.180014
15803185,"disperagioia",37.122473
1334384,"T A K A O",37.070937
6283858,"tan-",37.064106
4383303,"Kokuban",37.055948
14024115,"zivxare",37.053482
7371294,"Srr 7",36.988882
12904237,"stupid dog",36.930073
11376152,"HandsomeMe",36.824678
9561644,"AllyrD",36.819891
11984937,"RafaelXDP",36.808741
139670,"Vendemmia",36.779668
11141678,"KevDawg",36.591382
11320627,"Bouquetdor",36.385390
10902307,"UselessJohn",36.147875
4991273,"Chheng",35.900765
7101953,"MAKCOH",35.876185
6744123,"Burning John",35.817270
8382196,"kodama",35.802623
17548061,"ikuyokita",35.798719
1818279,"NeruNeru",35.376129
14795251,"ded24lol",35.354737
6772064,"relikOS",35.354737
15910288,"hubbawubba",34.661979
673549,"flansl",34.563955
4659319,"seegii",34.352425
3163649,"GfMRT",34.308249
6942259,"Rebo",34.189634
12179012,"Rinnu",34.173840
11987104,"Eagle5324",34.132619
33197849,"Anolikaru",34.107120
12270069,"CpxG",33.908758
14277157,"Nailer",33.866973
18922516,"Gaspi",33.866973
6584831,"-Solar-",33.734540
8432708,"uminekl",33.433073
9091312,"sztywny",33.371394
13207763,"Flameztear",33.332897
7587734,"Failing",33.138632
29460766,"Filizanowski",33.060539
17603580,"Frenklee",32.891560
6295380,"iamVill",32.758254
4896825,"My Angel Anzu",32.752790
22396092,"Jerma985",32.432307
10809844,"xymbii",32.332264
7178423,"Teacchyyy",32.161668
35331553,"parkrat",32.049761
2572468,"Nongsa",31.925934
12083446,"cihp",31.883240
4112304,"FINGERLOCK",31.519583
10728620,"Nyura",31.444547
9303599,"MrNobady",31.439244
4687701,"Dropinx",31.332014
3375842,"Nayro",31.175818
16779690,"Exalon",31.048353
1504556,"L4plus1",30.855342
10196805,"angelkanna",30.705855
18047920,"Froinks",30.670546
6404027,"Bartek22830",30.648461
4321876,"KoaLeahq",30.447021
26277369,"Maron",30.415439
29182741,"_Fabulous_",30.403983
1501956,"Fuma",30.338435
8222366,"leny",30.041862
11272510,"Anhydrous",30.033108
6399568,"YokesPai",29.912140
6237416,"-Snowy-",29.817876
2003326,"emilia",29.744824
11580377,"aidinth",29.508785
3257847,"MyzeJD",29.330196
4734244,"Informous",28.699348
19882119,"BloxyYogurt",28.628456
10504284,"Wolfey-",28.381290
754792,"koral",28.282004
17917574,"eddy",28.259243
13586618,"taro",28.249175
16380723,"Ivanix",28.226839
1887616,"Lexalia",28.158165
16702873,"distant_waves",28.154085
10807597,"-Ke15",27.822375
9694263,"Skrowell",27.816744
24270105,"-lion",27.622766
6327638,"Twilight",27.620322
4633724,"toon",27.490022
16952010,"raffytaffy",27.420565
8698024,"defii",27.359694
6662652,"Minil",27.300376
18150572,"Mr Wang",27.290593
6502403,"Lilily",27.289191
3068044,"Dumii",27.267176
9505131,"Dezku",27.245312
16314022,"MithiChang",27.220581
8617810,"Reimedd",27.057679
2184751,"Maxe191",26.848105
2675255,"hqshe",26.734608
5400349,"Netsuz",26.601129
4852013,"Monko2k",26.599613
15803625,"twennity",26.146238
16094871,"hvke",26.087598
10486062,"Sunwraith",26.014503
3099689,"Xilver15",25.961563
9321674,"Orkay",25.937575
13353696,"tortelliniii",25.831694
9737185,"ch0co",25.613752
11919665,"Hatted",25.585299
13223964,"vin",25.537435
2533400,"Cerkie",25.424367
20272827,"Erick71208",25.321939
21011325,"mihail pikulev",25.265527
7461231,"robloxxa",25.261176
8170186,"TWOJA STARA",24.838185
2199427,"MioMilo",24.746522
4856562,"minus",24.742659
17125008,"FARTPOO",24.717279
17064861,"Srr",24.686049
18345293,"Dessiderium",24.677731
8441074,"Lunacy_",24.320828
16849454,"Lyeli",24.310929
3115283,"Freak Fantome",23.952935
7764237,"csaba21123",23.941699
6506107,"Rhythm blue",23.877114
18296748,"NAVY",23.797839
14959508,"Lantis",23.792846
16227745,"F2X",23.791813
14264625,"- Fia -",23.580296
11596326,"imissher",23.526537
13618032,"815",23.510334
7802027,"Skill",23.483496
3543130,"Michni",23.291663
6765641,"heikneuter",23.255638
8880920,"ruyu",23.214210
5154946,"Bernkastel",23.000959
8573172,"Lightedd",22.956144
18413177,"Bonc",22.624376
18207356,"fish barcode",22.498192
9402526,"Ghossert",22.455917
11507406,"DecoysIsBored",22.357892
3771576,"Flami",22.357071
4780986,"Smarteyy",22.344066
19108592,"perhap",22.332209
32904329,"Prodigal",22.289259
6752116,"Arraxey",22.175078
25643883,"dsa",22.137865
4133758,"Nameless Player",22.014082
5963637,"Jazzercize",21.837615
9508600,"wukioh",21.808418
3673083,"Felrion",21.782632
8181420,"big snag",21.717820
21101642,"My Angel Kita",21.691497
13334336,"xayoto",21.680250
11962818,"flowering",21.534819
8359561,"ronipan",21.429766
19526828,"Icarussy",21.424690
8655635,"Homutan",21.416407
12862150,"brayan56",21.296276
6800152,"lPogonyuto",21.292448
7133185,"ABERON",21.140181
15771173,"puffonxe",20.998995
18323396,"golem de caca",20.866118
18195677,"esq",20.866118
6133101,"Arakii",20.752508
10626955,"hidden on osu",20.590850
10702366,"Vagabond",20.518603
16536519,"mitya",20.419813
16197865,"Supernye",20.343810
11607790,"Chzaron",20.261938
10665363,"JGLF",20.221236
20315228,"elituqinn",20.197195
16082512,"nyachik",20.187057
848961,"_Kasaezic",20.182770
7009485,"BadAimBoi",20.095836
22512149,"Phantom-101",20.032308
12696690,"YuuSakku",19.979992
6292501,"Possu",19.969717
11091594,"Thatnoobguy",19.941816
14348847,"vozte",19.864698
10665265,"chxkyqqe",19.847050
24708254,"sh_TORTIK",19.775611
12252724,"honque",19.528768
14436159,"kt09-",19.528768
9138046,"Tokii",19.458776
2984074,"ming0328ming",19.417726
4637369,"Petit",18.986341
11042418,"lystia",18.920255
11383358,"Drxvmik",18.835127
11305398,"Pancho",18.782472
13571078,"Pullout Couch",18.668916
17352850,"Wavewy",18.664471
15271985,"AHotDawg",18.632458
9988174,"bung wung",18.590721
4945688,"rairiku",18.510700
8766780,"Hera_",18.473846
14388839,"GabberSS",18.446333
19048,"Blue Dragon",18.437330
11322583,"_Nova",18.348499
11922986,"sriracha rice",18.320367
5563397,"chaotic_turtle",18.264726
15195364,"hollowknees",18.207652
10640486,"Naigo",18.172845
7611178,"coughing baby",18.152176
3043603,"kablaze",18.151784
12301296,"tsp648",18.117980
15454062,"-Hatsune Miku",18.044432
4519494,"Spinesnight",18.013116
11918602,"mabayu",17.952966
19483487,"nybia",17.942415
12563077,"02171",17.940828
15720216,"Jay12310",17.855200
8591929,"permiss",17.780953
10806437,"FlipRopiik",17.780953
2317789,"Diaostrophism",17.774104
16436446,"Lunasa",17.767407
7005392,"lestapekka67",17.737620
12959983,"antonyw",17.717994
14084387,"asheq8",17.715557
2553519,"Camberos",17.686370
5309981,"Mouse Player",17.531312
17086658,"Fmi",17.486323
7810180,"calangi",17.479237
19485895,"unhappykuro",17.435426
5392289,"kent",17.382697
9327337,"iToxicShadow",17.335742
16750823,"spray-",17.312405
6596134,"Zonii",17.241244
14970132,"SaintSFT",17.206133
12000193,"Murzikk",17.159621
13864975,"ferom",17.129998
6667041,"Dafonz",17.053690
10662111,"VerreDeCafe",17.032641
13228917,"oslash",17.012812
1629553,"yiyi",16.992036
6951444,"Fjell",16.956837
12379868,"Lex_Al",16.933021
15086625,"Antolions",16.893200
8195473,"cyo",16.880602
13798356,"atsukow",16.871799
11221025,"MintBlue_",16.737608
16104885,"VANILLA KISSES",16.705988
17067266,"Midarna",16.694073
8364754,"waste-",16.679461
6830745,"DaHuJka",16.605316
4360718,"shineroo",16.566572
12805967,"Lukiii",16.524899
10745774,"2391",16.444307
9330240,"Rellay",16.369971
7673764,"six seven",16.351686
14662944,"Berinjela Chan",16.326500
16967966,"MrNeasel",16.282443
10917620,"vana",16.120116
16775763,"northsign",15.879352
10630191,"AwesomeBrewski",15.790389
7249261,"Taldux",15.783538
17299415,"kinoshita fuyou",15.780364
9182389,"bibidibabidiboo",15.716238
12211248,"Hana buys milk",15.696055
10083084,"Librarian",15.613600
9157301,"syuq",15.568009
32029785,"Don t forget me",15.524469
16288992,"Ruyaya",15.491601
11659029,"Destros",15.484352
7329095,"Surite",15.468833
12226691,"Saskatchewan",15.396222
1810239,"CrtReXn",15.362393
3249839,"Strecka",15.246288
15019357,"arda",15.246288
14783866,"Forsit",15.004030
3706039,"MarilBee",14.955718
7342622,"Freddie Benson",14.935625
2768421,"BlancPur",14.878950
12274213,"PCMK",14.792356
7165477,"Ryuzaki",14.765187
7447249,"zin",14.706604
15841970,"ISh0wSpeed",14.686453
243917,"val0108",14.669298
4253615,"zubs",14.443139
15085098,"Finloge",14.424597
11969374,"deit",14.339882
4916057,"Stoof",14.328541
26027222,"Misono MikaXD",14.304783
15537480,"--April",14.260063
10509043,"P r a h",14.258631
13954392,"ValueOrBluff",14.204677
5575135,"jan glin",14.184822
29044372,"Smoyy",14.177083
20034541,"Plosmo",14.176049
14368290,"X_Danilka_X",14.170164
9665206,"kirby mix",14.159036
14289060,"Warinn",14.148132
10504596,"temka na",14.118374
10997601,"peter-kun",14.111127
12522447,"1ncert",14.082510
3673575,"4a463a77de8f1b5",13.995338
6499896,"Winkero",13.987098
19605558,"zonamu",13.916314
24018272,"BlaakCat",13.916314
16257749,"Zero blue",13.916314
17145270,"player03",13.897348
11731667,"KEKW_",13.847546
6014327,"lovetap",13.794367
5132353,"[ Nano ]",13.768898
12482926,"zoomiee",13.732201
27243450,"playthroughpain",13.729043
8775024,"Karuna",13.722902
9086565,"Kosiarek",13.582580
16129459,"Squid Game",13.549196
14764185,"Mike Tyson",13.527086
16335215,"Rozeolifant13",13.402990
11685498,"011010119",13.247168
10527116,"freaky player",13.216314
7774709,"Gigi8974",13.194830
3478883,"Aristia",13.186739
3521482,"Willy",13.140726
7225339,"fybeth",13.093985
3946607,"Zigzagoon",13.048720
10398348,"-Puyu",13.044339
20861921,"zmecha",13.018971
10699801,"bencyphyr",13.005625
14252070,"sybau technique",12.989783
3204677,"Vvn",12.978014
8211461,"Umatza",12.946191
7804244,"Myp4uk",12.917786
6225096,"Seamie",12.891391
4281350,"up44",12.890311
18897621,"Xemtin",12.837089
9756249,"Thorfinn",12.826676
11053358,"Garage du Lac",12.773248
9509358,"termi",12.765150
13735210,"wuso",12.711453
14945721,"Raidd",12.701842
18688473,"Mayuri",12.699561
11698296,"sandon",12.689035
11776859,"quickscope yuri",12.676714
15389454,"tyty5180",12.670657
10434787,"CharleLee",12.620188
7948169,"Altrax",12.596612
3353661,"Garch",12.590924
10064064,"Majewski",12.572578
6404583,"PLOXARU",12.572578
7068158,"JapWhite",12.547626
15831826,"SmoothyCloud",12.544807
17676662,"paulthebest",12.481058
11048151,"apisedo",12.442315
13596160,"gheanfoil",12.420013
18781432,"EPEMA",12.375772
11476432,"lorenzo101122",12.357006
15701343,"Lightningfox",12.325001
2757689,"Toy",12.292169
1023489,"respektive",12.292134
9803745,"rumii",12.258398
14390731,"G e n g a o z o",12.188083
30160132,"Comatose",12.187781
8558031,"dejiz",12.170999
8644272,"snailsmcgee",12.058186
9698177,"Korua",12.018759
13204938,"Lolu",12.004776
18309570,"EndMePlease",11.949501
18619681,"fishyes",11.939200
8443945,"FlasTEH",11.937308
15995866,"Haelstrom",11.863288
13944382,"LN-Larks",11.834974
13214651,"Cellinia",11.828584
11245184,"-Atour-",11.807440
7010761,"Kingling",11.792246
7103078,"Spyrosh",11.785741
11883100,"XimperiaL",11.768578
8578614,"LonixOSU",11.768578
11610772,"MakiDonalds",11.688180
5783315,"Carbone",11.683192
14800198,"stone_bream",11.659212
7216556,"durex",11.613767
22372931,"exen47",11.590118
11025519,"Oguri Cap",11.581787
256802,"HappyStick",11.385622
2742030,"Kuronora",11.369225
3869519,"Ideal",11.318256
13175328,"Bertilly",11.299184
14950357,"sky_is_god",11.299184
6341977,"kasuwa",11.241819
12069464,"flayy",11.241819
14711593,"doxxsan_",11.234664
7172340,"KiryuMiya",11.216005
22159265,"- Kombo -",11.210595
11940767,"Carlosflow",11.136849
18003450,"slapshot",11.098530
19013217,"Armada",11.082339
9088637,"fireblaze3028",11.076472
9323821,"luzny",11.069035
6758975,"Nelli",11.063911
4663676,"Wildberries",11.058479
16538717,"Daitaku Helios",11.029317
14958380,"Clutch",11.018399
27345161,"Ahshi",10.957724
641155,"John ethken",10.953213
1458932,"KyoouN",10.934113
8195972,"kwotaq",10.885075
5434931,"Entarkanio",10.871289
10754709,"perich",10.854152
14878652,"AlefGdxD",10.824745
10981997,"Nekoyase",10.805297
14787295,"Meower",10.772382
6069002,"Ush",10.704861
6937470,"kazamabc",10.648373
12484908,"Traz",10.596793
4430263,"Just2Gud",10.595734
6725771,"ferret irl",10.575374
17994125,"kulerbruh",10.575374
11836334,"Nev-",10.543864
12585048,"SurvivorX4",10.541341
3574151,"Orbi988",10.540100
2035254,"Kalanluu",10.538737
9397144,"[RyuTell]",10.505358
13249394,"Rinyeki",10.491148
8914929,"luvouva",10.464471
9975554,"Mr_Plex",10.460368
6142837,"NoSin",10.445144
13788492,"ThanosPortal",10.445144
18284065,"Oscar con boina",10.445144
4879380,"921206025887",10.445144
6147964,"Dragon20942",10.445144
10285963,"murziels",10.445144
31793093,"nitystarex",10.414920
12045254,"XenoPenguino",10.388154
32972291,"Torusama",10.309281
13805181,"henq",10.309281
15100415,"pr1mary",10.301132
12571145,"120-cell",10.286483
12032130,"Sepid",10.280937
16258642,"Code-Antithese",10.272515
7415910,"Avenito",10.246718
4039773,"TinyPark",10.176739
12789853,"RiceShower",10.170589
10817550,"Toma 2",10.136984
9683186,"-Peachii",10.121657
12074432,"crackhead",10.099751
11959709,"CallMeRed",10.087023
2282047,"Risiing",10.070272
16339761,"himeka",9.983933
7081596,"Bomilk",9.979069
9149213,"Tikef",9.974668
14579151,"Turles",9.956821
3145033,"HUNDUR",9.947757
17949915,"dados123",9.947757
13919811,"pelsta",9.911286
19514891,"BOSNIATRUCKER13",9.900564
6955722,"mati12xxl",9.894903
13284882,"Name94",9.847441
15478142,"nrbi",9.835236
12024659,"RuHo",9.796651
10290012,"ssubinism",9.796651
2571893,"sharpnel",9.796651
14623152,"n0 b4lls",9.796651
15595513,"okayokay",9.795092
6573651,"un perro",9.758510
32146529,"Rezi1",9.714829
18047677,"Makka Pakka",9.688528
4857328,"KagaSumire",9.654113
21369935,"whca",9.642985
14709263,"manosaba",9.630344
14832855,"cocos",9.619358
7696512,"Hoaq",9.588065
5791401,"lolol234",9.580445
12790479,"shadow modico",9.573133
10829419,"shion",9.525345
14992372,"escudeiro",9.492575
11034873,"Menoji",9.455086
12028437,"Miggie",9.382906
11843685,"hifu",9.352477
12288389,"Petirabi",9.343979
20037221,"Fump",9.313774
11584669,"marzey",9.308394
11461810,"kagiura",9.289614
10958852,"lifetime",9.287144
34482399,"kolic",9.271261
5144534,"Dawnwing",9.270194
4980135,"Behwall",9.261595
9980174,"sophills",9.257770
10964155,"Nsn",9.254728
11399181,"AVICE AURA",9.223591
10997010,"TEQUILA BABY",9.221163
11307733,"nemroz",9.214398
8105138,"nejzha",9.179123
10137131,"BlankTap",9.176025
18604347,"Chamqp",9.169973
4587526,"GalaxyGaming",9.161304
12315498,"DataUser",9.158027
9858112,"AdonisXVIII",9.150672
8688737,"macabea",9.125635
19516283,"tsuhikari",9.087484
15475797,"FUNKYKONG",9.075555
6376672,"4 Fun Gaymer",9.074213
8655960,"VizerX",9.053571
12443451,"ben333ki",9.052926
6440158,"Misumena",9.037466
15520572,"TetraDoge",9.025982
15537476,"k4rnu1",8.995868
36619522,"gummyyyworm",8.981918
20591653,"Kakoly",8.981918
15346564,"Bairechuu",8.960044
11967146,"Hunter Thompson",8.953383
4279650,"5joshi",8.952018
11692680,"lolowyo",8.929418
4399129,"mokia-",8.920370
1874761,"hallowatcher",8.919075
2922853,"suffix",8.903442
11921232,"Uchinaga Aeri",8.900957
3929529,"mniminwoo",8.858228
10371365,"falu",8.853657
4571123,"Mighty Paws",8.852327
1266166,"Dsan",8.843725
12609022,"Sdot",8.843122
23360966,"cheeseball87",8.829770
12932016,"Yuichi",8.828276
7153533,"onkar",8.809916
4415285,"El Condor Pasa",8.809212
9325507,"superCreper",8.799455
9582556,"NHarmonia",8.785124
8208289,"conradmittn",8.781229
8179335,"Micca",8.780279
15995105,"HowlPleb",8.746794
6231292,"VI VII",8.743887
3441616,"Clarity",8.735231
23139001,"penguinplay",8.692684
14102544,"Eugoon",8.640036
1561659,"[Mashiro]",8.610873
16420404,"Wez",8.604428
3010281,"Soba Noodles",8.534041
7776967,"relrel",8.534041
24409289,"Choofy",8.534041
13935409,"Hardstcukc",8.478655
3999831,"_ Freedom _",8.451955
17545095,"Neocraft",8.440065
9583048,"Koide",8.415907
11395298,"patos",8.403554
11545620,"nuke employee",8.390437
8641416,"Big Z",8.349415
26459483,"chivauva",8.318364
4304495,"----",8.292163
21527894,"Darthh",8.290081
17465075,"[dekori]",8.203567
12482253,"Danini",8.194836
26342680,"love katagiri",8.140420
30158628,"Yennecilia",8.129501
18983,"Doomsday",8.115314
21344890,"Kafelek123",8.100701
4915980,"valera456",8.080314
2562987,"azr8",8.071321
10092945,"Invii",8.045531
18014081,"meridian",8.045531
14285691,"TerriblyGood",8.030879
15180662,"godempressalice",7.984302
7387395,"Martair",7.984302
13033798,"mads",7.984302
15844515,"Zelths",7.984302
16802633,"-database-",7.984302
12027472,"Ace on osu",7.984302
19130169,"Lemuze",7.984302
17099895,"humane_007",7.984302
19666163,"Scyfyyy",7.984302
16186403,"Nakrobsayhi",7.984302
15954602,"Kiskai",7.984302
18275201,"xside365",7.984302
8602787,"luxury",7.984302
11037250,"Bae Joohyun",7.984302
21177947,"Ben Man56",7.984302
13363921,"wojtiyt",7.984302
18740749,"Dathian",7.980000
10096496,"Dim0ND",7.957614
11469447,"arbusion",7.945644
28536811,"Comlol",7.913088
6392075,"[Crz]howardong",7.902745
8752034,"AMR17",7.899249
2569683,"MblLO",7.885761
5459981,"-Machine-",7.848789
12450422,"Riquiria",7.830599
7211425,"Frane",7.827014
8082362,"TrickyPugster",7.797139
20705496,"WolfBoi",7.785608
7947626,"SgtCataclyst",7.778971
6033065,"MadLad",7.759942
12163190,"Aroph",7.742382
7701428,"Eunha",7.742382
27818219,"heptadic",7.735442
11129034,"Spektre",7.732361
14100781,"hav",7.713728
13831265,"WhitePixel_",7.700489
10738766,"bratuha",7.664583
11858763,"PoYuTo",7.663657
11828209,"Aerodite",7.650059
16555513,"Nature angel",7.646170
7192129,"Gasha",7.644168
9908612,"SharkB",7.626898
16329318,"Furudo Erika",7.607865
10779632,"heroiskawaii",7.587897
8186536,"Qualifiers",7.581811
4033022,"blejd",7.576168
19887890,"ThatBoat",7.550399
6033536,"Kuribayashi",7.528411
9184161,"Wawillo",7.524022
11759640,"kontener",7.509363
5286213,"Deppyforce",7.497638
4607565,"Zavarka",7.491950
11393715,"Walter Frosch",7.484238
12054043,"Levesile",7.481008
15051132,"FaultlessPink",7.469695
4696315,"Skyrovania",7.462886
14664996,"Blemishki",7.443176
11582986,"Kyube",7.430907
7154358,"Cuckweezy",7.429571
7940696,"pundice",7.387958
10814480,"Ends",7.381359
13080423,"seki",7.381312
14806365,"chests",7.379758
12249104,"Myonpaku",7.351137
20461077,"MidC",7.342285
6284683,"Jagester",7.323079
11584075,"ganjanov",7.317280
17863453,"Nevzz",7.317280
25927812,"anmear",7.317280
24387999,"-Mahiro",7.312780
11893703,"bisbo",7.305500
7205256,"TheNexusGamer",7.298131
15868788,"[ NekuRo ]",7.298129
11398814,"FiXww",7.298129
419954,"Regou",7.266125
16928887,"tohkan",7.248589
13517095,"OsuMaster1290",7.232913
6375834,"Enns",7.223409
13398631,"JustTaka",7.204829
3069354,"DanyL",7.194439
13986379,"Galahad80",7.168404
10166961,"AliceMargatroid",7.168404
13783044,"Gulbang",7.168404
13170169,"VoiD_Matterr",7.168404
13263768,"Afordiumsx",7.161281
10429510,"yah",7.149867
10906834,"aquaDOR_",7.131648
12882466,"Artsy",7.129011
8954633,"Gonito",7.112722
38104540,"rukimerznut",7.112722
1545031,"NerO",7.110280
6523879,"LLIaBKa",7.091952
12760743,"A N T O N I O",7.084678
8780223,"VtuberVoiceASMR",7.058684
14035920,"Rikuima",7.043981
3759860,"Raniemi",7.039847
11409111,"giulio",7.022476
8847379,"snk",7.022476
11721736,"MouseSupremacy",7.022476
22437223,"suiss",7.017439
4787843,"Koltay",7.012653
7869036,"TomoChen",6.999419
6411479,"W A R P A T H",6.994892
15594602,"Dextrol",6.992674
1429071,"LolForest",6.990619
15379548,"- Mayumi -",6.986447
8832359,"GameDragon36",6.986447
13003230,"bobiak",6.986447
8379270,"Reddd",6.984177
11271502,"CRACK FIEND",6.956078
11106929,"Wispy",6.950599
11476143,"bgm16",6.950599
17908427,"Icun",6.950599
13915963,"Buzzy",6.950599
6151273,"Lumsk",6.950599
9526124,"Haru Urara",6.950599
9869794,"BabyScylla",6.943315
895581,"-GN",6.914929
3506191,"BlueFlame",6.914929
9894718,"RanYakumo",6.914929
7184934,"capnjazzy",6.879438
2685244,"SpeedCore",6.844123
8174211,"wumalu",6.844123
9449165,"_Chaewon",6.844123
12421343,"D011",6.820268
6105480,"Zykno",6.820268
11195133,"Jake Boii",6.820268
8686982,"Toochags",6.820268
13353897,"literally a cat",6.820268
3891439,"moyamoyano_sa",6.820268
2917990,"jj986544591",6.808984
9984244,"garab1k",6.808347
3394696,"Salvotore",6.785423
19927331,"nero1kami",6.783822
4574482,"KOOOOOOOOOOOOOR",6.778029
6030596,"Samake05",6.774021
5585377,"Chibi Maruko",6.774021
15300480,"Blobritto",6.774021
13554384,"CraZYGhost505",6.774021
16943673,"Furyfish",6.774021
6088976,"Tzero",6.774021
10476092,"rimerca",6.774021
12686213,"Reimu Hakurei",6.739232
10878651,"QAWSEDRFTGYHUJI",6.736516
10651184,"MINHOCA LOKA",6.731486
13858681,"wanderloop",6.720782
10970649,"Drowzy-",6.720659
9536345,"Cinnamon Twist",6.705127
352328,"rrtyui",6.704616
12714574,"Aphrodi",6.704616
12742221,"Celybi",6.670174
9325602,"samdaman",6.670174
15227187,"Kaanfickels",6.670174
12637617,"sylriu",6.670174
19399473,"OinkerPoinker",6.670174
5407620,"Bronya",6.662811
8574531,"Hallsu",6.657304
13237989,"worst th player",6.629837
11973981,"lightwine",6.626136
1545019,"-Archangel-",6.612476
18414466,"CosmoXR",6.601803
23913323,"werkzu",6.601803
7728757,"-ZooM-",6.601803
29752093,"zxbchess",6.601803
10783597,"kettoph",6.584194
7910282,"ddm",6.583519
3188703,"Zaqlev",6.583519
5371497,"Alumetri",6.556064
9316213,"NovatoKing",6.555673
4382220,"wessel_osu2",6.547478
8838127,"h1satomi",6.523107
8358987,"MioYamazaki",6.518495
15843402,"blobnom",6.512964
11568732,"Eat Natto",6.508063
15675302,"Tenkotataii",6.500520
15319810,"Shoukko",6.500520
17104779,"-bouingue",6.500520
4628473,"tones",6.455680
757783,"Garalulu",6.451128
4981809,"BMG_",6.449741
8045604,"RomanTheFUKER",6.406665
9093634,"Eskalade",6.392665
4733121,"Kariyu",6.388947
10714308,"blackpoint675",6.388181
16100669,"Darkxide",6.377421
14591408,"HowToStream",6.375863
11380904,"resto druid",6.351536
10459580,"smashcae",6.351206
959763,"Flask",6.349818
5538617,"Yamaan",6.349818
9501251,"ChillierPear",6.349818
9426809,"SinCrone",6.349818
11285100,"salat23",6.349818
11961979,"Sleya",6.349818
8145297,"gullibi",6.349818
13483216,"WitherNinjaKing",6.349818
12961837,"Zedrikk",6.349818
17033632,"Tsumikiri",6.317095
6411122,"Willi",6.301190
14916935,"rwnd_",6.280761
22104570,"Eurenel",6.278546
5083666,"mjso",6.270018
3701898,"yumi",6.270018
13307748,"-esfuerzo-",6.270018
21282552,"nomox",6.270018
10973116,"Miguen",6.270018
14180303,"FubukiShirakami",6.270018
12467855,"ZeinOld",6.237743
37760214,"TPYCblMoHalllKu",6.237743
15754580,"Purin",6.212483
3853840,"LaBron Jayms",6.179337
15085171,"vandyl",6.176838
6566312,"Niphora",6.173550
4149140,"kallax",6.156538
14695064,"Loom",6.110781
10525121,"Whenimazombie",6.110245
14165168,"shignone",6.110245
1987591,"Rosemi Lovelock",6.103701
1500305,"Neliel",6.099261
14953642,"Ho Quang Hieu",6.090655
2050872,"Twisted_Chimera",6.078767
15004178,"rtx",6.056725
21709356,"duke",6.052495
11324949,"_kioshi",6.049188
16616672,"BiaHaNoi",6.029834
18708470,"MilkyBio",6.029834
2329891,"Pelafina",6.029798
11417629,"kitty irl",6.029678
11426332,"Vilensi",6.021744
20761711,"chicken_67",6.016280
9507565,"N1ghtbeat",6.016280
26735014,"unseen",6.016280
5691595,"-ploo",5.996484
6778877,"bloo",5.991207
6264206,"kemdaosa",5.986094
14494717,"BlueChinchompa",5.985271
14231641,"SparxieFan059",5.980066
16677013,"myangel Yoshino",5.974364
6600809,"Walfrid",5.967734
17276654,"Inimint",5.967734
114017,"KRZY",5.962726
7786382,"boleks",5.954416
6315784,"Dylson",5.954416
6952125,"Beatrix",5.954416
9125328,"Zeezus",5.954416
6673284,"chileno",5.952314
1460263,"Pain",5.928212
14963905,"Read Horimiya",5.923715
4479041,"Ancenthe",5.917259
6661913,"AstroFP",5.900408
5870453,"waywern2012",5.893167
10625283,"Enumi",5.868477
10869615,"Osage-chan",5.866438
4653583,"NO37",5.855366
7236909,"Forse",5.847656
8631281,"azaz08967565",5.847656
7315668,"Vertarix",5.810011
10349559,"melwem",5.781411
1266102,"shortpotato",5.769433
3213239,"FLAVEN",5.742699
13820821,"Jmeeeh",5.693577
10065568,"LoonW",5.677318
12701607,"noncycle",5.667890
11137273,"qyzex",5.659324
6961667,"nekoshi",5.647914
12538598,"Cohue",5.596399
15721637,"PawzMyGame",5.566405
2909663,"MarthXT",5.550002
13467691,"Naiwo",5.526117
7536633,"MyAngelAnton",5.494330
8758104,"Stravez0r",5.485397
14473721,"mustifafifax",5.473261
11895642,"Zooble",5.459554
12931502,"Juska",5.452188
7861878,"niunnn",5.435923
23350068,"-Rigel-",5.435923
18827585,"Loosay",5.435923
12479773,"WolfyXia",5.435923
25733904,"N 1 X",5.435923
15892637,"fartfartfart",5.435923
9342760,"TheSVONOX",5.432047
13218204,"Polle",5.424616
20828655,"Disposable",5.414864
4740837,"godzilla",5.407758
251683,"Musty",5.406312
16791995,"dewy",5.372216
5642779,"heyronii",5.340431
14869187,"RektNova",5.314928
13514678,"MordeyMay",5.313219
13276741,"_Kaczek_",5.313219
19943037,"SSD",5.313219
25360601,"setoh_",5.313219
16931813,"Sni7pe",5.313219
14458774,"ItsDaki",5.313219
14391105,"MeowXDDD",5.313219
14229465,"alehsa",5.313219
14925692,"dxky",5.313219
16660532,"Guhh",5.313219
12114116,"Pacifistonly",5.313219
13087358,"-mox",5.313219
10458639,"Sandron",5.285716
16816141,"GabiBoltZ",5.280063
7802400,"steamhappy",5.269354
21457864,"_RockMen",5.258350
14404023,"setriol",5.258350
15284469,"konjihi",5.258350
2787415,"MrPotato",5.236620
4571336,"Floaddy",5.222069
8734825,"mashed potatoes",5.176397
25602812,"Neutromint",5.153464
7849945,"Kei Yonagi",5.150246
10243433,"Inflictives",5.141866
3895969,"Zmatureeno",5.123556
2598812,"KuKu_QY",5.123556
9014203,"KyZzo",5.123556
15263047,"Nitrine",5.123556
11311195,"Naxtu",5.123556
15569114,"CheeseCat",5.123556
15289150,"Alvaroping1",5.123556
9863870,"Sieu Phan Dong",5.106629
6036351,"M I L E S",5.105359
5621203,"Nit",5.096999
23453797,"CG14",5.095710
30553857,"1 star enjoyer",5.078892
13709281,"Paracat",5.055608
22461441,"3BDOOO",5.022679
13504695,"Wassr",5.018120
21344699,"Pogoclick",5.018120
9414229,"Pinguinzi",5.018120
21443063,"66socks",5.018120
20384244,"sfetonic",5.018120
11672693,"pigeonistic",5.018120
9053400,"itsmarkkuwu",5.018120
26009316,"tazuwik",5.018120
24658561,"alisher67",5.018120
24843883,"sakamata07",5.018120
13246442,"Casper",5.018120
35745799,"Tenjun",5.018120
37693098,"calvincho",5.018120
7177201,"Denk",5.007806
1341421,"Shizuru-",4.999915
10989649,"Jymer",4.992089
8987016,"FDX",4.984600
14506326,"Pittinger",4.978591
11790672,"zados",4.971639
9904093,"J1x",4.971639
17958775,"karta",4.966188
12931543,"Ramlethal",4.953778
15273964,"turqqis",4.948897
11996187,"Kagu_",4.945579
13653909,"GLASSY",4.944951
2142966,"TeRiRi",4.940416
20460272,"-Spec",4.909292
11495128,"Ji2zie",4.909173
4497582,"-Wolfy-",4.898531
11477921,"IRanko",4.898531
9461628,"- Ayko -",4.898531
11553201,"SLOVAKTRUCKER",4.853268
10676573,"Birchman",4.845344
26352046,"lilybannanas9",4.842162
14031664,"lys",4.838607
8707087,"datveno",4.815518
14617688,"niveria",4.813471
15484172,"BMM",4.797477
7516484,"Kera",4.788461
6717106,"stimix",4.788461
13132990,"Whitekiezi",4.788461
10924807,"estrogen aimer",4.788461
6223841,"intiaz",4.788461
15011165,"[ATOC]",4.788461
11397072,"pottomotto22",4.788461
8352298,"CosmicWolf",4.784906
234788,"NaRiTA TaiShiN",4.782395
26025472,"Shinitaii",4.781972
15469516,"doddack",4.781972
1251071,"dtd",4.774768
4859699,"[ Blue ]",4.766763
26091203,"whitebook",4.766763
12094122,"Mya3",4.734894
10549159,"DzashikiVarashi",4.734894
19364028,"Stormur",4.733033
12068522,"MumeiLover",4.702704
12648780,"knight87",4.698178
14362480,"Shutterstock",4.697063
2694475,"kyle",4.692963
15841832,"Caleb Williams",4.689661
10759664,"gamma abuser",4.689661
33563170,"Cafea_",4.656889
4346274,"Vitya1437",4.650765
10362710,"Cookiwiz",4.649329
20328948,"tayko",4.632544
10772373,"Shio",4.602868
13811573,"anxiwia",4.568907
14929183,"mamba mentality",4.539774
18153031,"n o v a h",4.537059
658494,"oh brother",4.487952
4117142,"OPJames",4.482154
7051163,"OskaRRRitoS",4.482154
7908994,"dlwlrma-",4.482154
10224047,"Emerald Ages",4.482154
10913504,"Kuukoisbestgirl",4.458746
1285637,"Shiina Noriko",4.458746
21745086,"xysuki",4.458746
8473081,"JungspylieSushi",4.451135
13484344,"Nakano",4.427932
6981590,"Ai Hayasaka",4.427932
20840121,"francisqueso",4.427932
6185335,"y0c",4.407373
6093148,"Shinkiro",4.376276
9830628,"gusniki",4.359015
14107836,"FrozenWaterr",4.359015
11128641,"CJD Simplex",4.359015
12756813,"Rutygan",4.351218
7431496,"X2N_",4.333679
2629756,"Ageha",4.322585
9412127,"moar",4.305170
8279758,"Venumi",4.268719
8150535,"Fejlan",4.260573
10598476,"Philly Cheese",4.250211
9406725,"meddle",4.247367
16396426,"Alphairy",4.225838
26827897,"endfighter555",4.202178
11753451,"Mikjorn",4.202172
19659293,"Npoolyim",4.202172
4996910,"Playzify",4.202172
16117538,"Chino-",4.202172
16716753,"Typeddiamond",4.202172
18736170,"ifox",4.202172
7321790,"Asatopskii",4.202172
32291902,"Shamoui",4.202172
9523358,"Fadeaway",4.197644
5325213,"KevstracK",4.186793
5271371,"Lexion",4.186793
13310147,"Uzumaki",4.160391
16212569,"wamu",4.152136
8984272,"faki",4.137204
21232469,"DoremyCTM",4.132798
11660870,"Vello",4.114981
6528747,"13roil",4.111006
12995368,"bing bong",4.108984
9336886,"zeta",4.104578
8236827,"Fumatsu",4.087186
15769572,"Dae",4.064941
11119010,"lizzzil",4.058213
31406901,"3uma",4.054602
25899767,"yallasm",4.050723
4309566,"Drox",4.032314
1218895,"Athanasia-",4.030937
1715441,"Veth",4.029865
15399730,"-Poggi-",4.029517
7943819,"Mommy",4.029517
24470395,"qaur",4.029517
13358640,"Stick_Fish",4.029517
9900694,"CancerPatient",4.024608
14828870,"Cherpi",4.007308
360552,"Sinch",3.987421
10170668,"EyesNeverOpen",3.987421
3490596,"Witch",3.987421
19201695,"balls420",3.987421
8925266,"Haadez",3.962491
6266914,"Abran",3.952324
15233100,"atcup",3.918700
20336659,"Luuon",3.908917
18593653,"ming_en",3.907806
8006029,"realshin",3.904483
16861790,"Weoweet",3.904483
12941954,"Sabakan",3.903150
13470496,"9I DePeBO",3.898073
16864309,"Sheena Ringo",3.898073
8335721,"_jeff",3.898073
15903077,"cfx",3.898073
13510394,"Shima Rin Dango",3.892490
15885448,"erothique",3.885380
6567297,"woojungx4",3.863201
31409153,"Aze1025",3.843359
15893458,"P A D O R U",3.843359
29845395,"zmops",3.840399
7739540,"Justice",3.824722
12855946,"saewon",3.786233
8005579,"iRedi",3.781382
1195423,"[KOR]Kosaki",3.771799
18374171,"kioxu",3.768273
22414780,"Raiwww",3.765215
17363777,"angel devil",3.764014
6511038,"Sambath",3.745382
7366415,"FrostiDrinks",3.739646
13158972,"Pinto",3.728677
7629976,"asta is cute",3.728677
2454767,"adyoz",3.721308
14223286,"sakura no uta",3.712450
33496954,"kirishima114514",3.712450
6541404,"Aus",3.712450
17146879,"KIDORO",3.712450
3437592,"CircleClick",3.704252
8717773,"poppasanas",3.684774
11644972,"nemq",3.676148
9317938,"soft bunny",3.671193
24398932,"godmorgen",3.631469
13097638,"Juicy",3.621478
5712451,"tomadoi",3.607587
11533034,"Timpower",3.595046
30043630,"Marrelia",3.588831
13721982,"Keep Grinding",3.588831
712923,"Jaysin",3.588831
15401678,"Pugangsteris",3.588831
13166433,"jaren damian",3.588831
13860274,"Valor1248",3.588831
7544766,"kamehameha0",3.588831
22213961,"AnteG1201",3.588831
21179733,"Kury83",3.588831
15431748,"hidensryz",3.588831
10809086,"Xpxp",3.588831
13924333,"thu4der",3.588831
14175052,"AdrianMaster",3.582265
6920104,"PotJohn Nutella",3.577017
11377412,"nutel",3.570276
9747255,"Fobxx",3.532591
14578826,"Kasuzu",3.499132
10507706,"young leosia",3.496438
12529846,"Oxvenn",3.492812
13068732,"Scoozyxd",3.480733
13472074,"Lee Chong Wei",3.462320
11548479,"ZestyTea",3.462320
14490563,"manicmacho",3.443999
15908646,"soopie",3.443999
12213730,"mavie",3.443999
12632210,"OceanMan28",3.440226
16867827,"Noty",3.432551
6411190,"Ntikakis",3.424932
16085078,"hsk_z",3.421532
6989615,"UC2",3.407629
18357479,"jykca",3.407629
10704796,"Kayrem",3.376967
7023000,"Miori Celesta",3.371622
8701569,"Alfredo--",3.356166
6596066,"Ice Angel",3.350321
24071806,"Sourced",3.350321
1777162,"firebat92",3.339364
12443104,"iraozm",3.333119
4029000,"sonix",3.314984
4674054,"byfar",3.314984
5151731,"skilledez",3.314984
2200982,"muji",3.314984
22710559,"Sp1cyy",3.314984
10572078,"aba",3.314984
5220933,"DualAkira",3.314984
11795963,"Kuromueina",3.297448
16051221,"Dripster1",3.297448
15977117,"thepersonwhodie",3.297448
18378326,"oihix",3.297448
19006618,"connorr",3.280952
12508056,"pigla",3.279999
15806578,"oekward",3.279999
12368925,"Fiert",3.279999
16485917,"verfex",3.279999
22792481,"Kirkyeli",3.279999
13392346,"Miteze",3.279999
12486748,"[Stellar]",3.279999
8840846,"Exumk",3.258050
17633983,"Dazzle",3.248394
2536227,"janituls",3.248394
9436126,"Cocoamallows",3.248394
7636779,"Leebs",3.245361
17599268,"Romspeed",3.236218
7812798,"Vyshus",3.211068
5968633,"Daffy",3.211068
4355380,"nobuchi",3.211068
34442556,"Day Breaker",3.211068
15213233,"tsuniko",3.194050
6637049,"SSaturday",3.194050
11563694,"Tokirii",3.194050
37219584,"inhoman",3.194050
3872987,"-raizen-",3.190281
629717,"GGBY",3.167013
6293158,"ConsumerOfBean",3.160268
9737589,"Sk8ter",3.160268
9049282,"[RUE]Clamati",3.148289
33332497,"Luvias",3.137630
11208808,"Ainee",3.114020
4483660,"Sky_Delta",3.112743
19476222,"Mqre",3.096165
19563871,"makkara",3.093708
14452800,"Mystrality",3.093708
17346897,"y9nami",3.093708
18015468,"georgewig",3.093708
17175586,"Lollipo0p443",3.093708
26181225,"Bigdaddy85",3.093708
36185973,"Styy",3.093708
8601970,"FishySquidMan",3.093708
32808426,"fuyohana",3.093708
8030546,"Nayto",3.093708
24564585,"aoofbop",3.093708
15247939,"fisskill",3.078086
11860256,"amefuri",3.077275
7386762,"XxMmMxX",3.077275
22840552,"lala3131331",3.077275
14067834,"n0 head",3.077275
16323116,"slim shady",3.077275
9684580,"TheyTookAshe",3.077275
2101950,"Totoro",3.046926
13730417,"Merit",3.046926
10481416,"ianski",3.046926
19836952,"panzemka",3.044655
11661576,"OldSecreT",3.031110
10910765,"Cao Mi Le",3.028467
10999652,"JILUNGIE",3.014507
16414360,"autumntheninth",2.980745
10909373,"vetoed",2.980385
9474976,"honbae",2.977930
12883611,"catgirlflowers",2.975746
6607682,"Dry_Noodle",2.964517
14338955,"anjroo",2.964517
19775858,"Messiah Benz",2.964517
21967,"Adrean",2.964517
12178531,"I hate hidden",2.964517
6637202,"MatvikFX",2.964517
12498437,"lightingloyz",2.961071
14447878,"Lujeol",2.948729
18067392,"bleph",2.948729
10746970,"Sawitar",2.948640
20508412,"i hate nm",2.948296
20656091,"nawhbody",2.933019
14813129,"ouffrobi",2.933019
6142472,"Literal Garbage",2.933019
13266755,"Xiel",2.920986
14935968,"-Watamelon",2.919175
14243234,"Himeri",2.919175
31744272,"Trepsed",2.919175
22133808,"dnomyar",2.919175
20447062,"kellad",2.917387
18467846,"Stythiii",2.917387
9096716,"Ooi",2.917387
2064831,"Optimism",2.906688
2644828,"kafei",2.903562
3674590,"septembre-02",2.884000
8065765,"Haxwill",2.855637
15919161,"abku stupid",2.851894
1052349,"AlfredTheSalmon",2.835952
1597068,"iMey",2.832253
21754368,"tigukala",2.820381
8211340,"flubb",2.797398
9294147,"howtoplay",2.793300
13939418,"Jayzx53",2.792037
9836316,"-Danon",2.780166
14897115,"innatedream",2.780166
13480145,"movement",2.780166
30479068,"autibun",2.780166
10273749,"sha1k",2.780166
25489493,"extraMRX",2.780166
18076009,"i was here pogu",2.780166
3245028,"DudsonZ",2.766507
9555371,"IMM0",2.766507
9578404,"roliy",2.750502
17558867,"B4rISka",2.750502
1568047,"Haenes",2.746877
32398630,"Dogio",2.738277
12762980,"Namotzu",2.732041
8215374,"yumenoshima",2.718556
4580287,"mode",2.689046
5559643,"Murakoi",2.672045
11854343,"shoyeu",2.651302
18818123,"BELLOFIGO",2.644099
7587763,"s-chilla",2.642647
11371245,"aahoff",2.642647
17962280,"linkay",2.641930
1986262,"Ventus",2.634769
15421908,"Lee Zii Jia",2.634769
15317621,"Blasy",2.634769
10316438,"Donut_fgc",2.634769
11877830,"verth",2.634769
6857843,"cIementine",2.634293
2127620,"SakiMint",2.622616
1027645,"- Asriel -",2.620625
17707354,"-AJ",2.620625
9340773,"stanol",2.606551
25306176,"owoMaxx",2.599869
14679885,"ItzArtic",2.599869
28065954,"MrSlendo",2.599869
15574234,"Might",2.599869
14469959,"misuzu",2.599869
11999904,"Blokser",2.599869
10788959,"Zvezdaa",2.599869
12609743,"[ReiKo_Relax]",2.599869
6371395,"Mariano",2.599869
14776812,"[-Pure Ruby-]",2.599869
15726597,"Shade-ette",2.599869
10590281,"fajga",2.599656
5079282,"Ahrome",2.586964
13806702,"-shinsha",2.586964
16640072,"Lysitea",2.586964
14719475,"beaver",2.586964
13858963,"_Chonker",2.576717
23205272,"scug",2.565199
16349058,"Chechill",2.565199
926614,"rinkon",2.550956
651307,"Prophet",2.550956
18347666,"Azasapag",2.550956
3184860,"Rabb",2.550956
16691293,"Rushio",2.531329
7374212,"Dream Journey",2.530960
5054798,"DutchTacoNL",2.509983
652457,"_index",2.508249
4934554,"hlanden",2.481886
8964050,"GAO HAO",2.476547
8071686,"Albanian Man",2.476066
2367495,"Hellbeak",2.476066
7926288,"Cokirius",2.476066
11877150,"-Chum-",2.476066
34887927,"onokari123",2.476066
126144,"Nezzar",2.462011
10951913,"fleuphy",2.443047
27114094,"Fixav",2.443047
6363335,"lyrdae",2.443047
6701656,"chiv",2.434906
8110821,"polkip",2.429795
5038956,"Minecraft s",2.402527
4796794,"Vento",2.390689
13757181,"Eclissi",2.390689
9571473,"-TheImpossible-",2.390476
5783061,"-Spartan",2.390476
3360947,"_WinRAWR",2.377501
11949980,"zadiak",2.367582
18112324,"riwoto",2.366050
12322135,"BruhMoment",2.353103
7025429,"MyAngelMiku",2.351743
8715276,"MiguisXD",2.349161
5281485,"iFakeRz",2.345306
6716499,"ShaneLiang",2.343990
4185400,"-Nenu-",2.341397
17673584,"Skillertvv",2.341397
15163416,"Entelechia7",2.338961
35972875,"Innepped",2.327002
10194124,"big fart",2.326698
16552216,"Dacoma",2.326698
15841840,"Super Freak",2.326698
13767976,"-Burn-",2.326698
12839095,"showerpiss",2.326698
18978627,"NickBezKonca",2.326698
6764293,"Frostwizard",2.326698
11969864,"Hirumi",2.326698
16515549,"burningtrup",2.326698
8995080,"anirrech",2.326698
19446346,"peroro",2.326698
4369636,"Hiagg",2.326698
14656349,"Xiiano",2.326698
17720805,"hayley",2.316091
11786864,"siiphs",2.313587
8165685,"shadevr",2.294194
14532447,"fasih",2.288465
2758279,"Rumyndra",2.280409
9768274,"Zralf",2.280004
7865570,"Cassiel",2.276644
6717207,"cannibox",2.276644
954557,"EmertxE",2.269720
20741077,"Duklet",2.256530
13739096,"Ebutenim",2.252823
30284920,"Bochi the osu",2.251990
13297978,"Plapa",2.247755
2312106,"GSBlank",2.247059
2353581,"Tanaka Hime",2.239755
14896848,"Haruhikage",2.239755
11636611,"Icecream",2.239755
13886826,"ASaltyBunion",2.239755
2629013,"Poto",2.239755
2223696,"Tenko Shibuki",2.239755
11184264,"Applett",2.232632
16395194,"Taylan_",2.227582
11502740,"Cors",2.227582
3619583,"Blendra",2.227582
16512684,"towny1",2.227582
9767342,"Flyer",2.227100
10229945,"Corruptyouth",2.218279
19857248,"Herazu",2.214590
30556536,"avtori",2.214590
5426640,"nanawo",2.193008
25206996,"gantu",2.191423
13588932,"pii",2.190186
9906834,"Yinchiko",2.190186
17749313,"bread yummy",2.188848
9362704,"maum2682",2.184045
3863347,"HAFTBEFEHL",2.179491
14457718,"wuk",2.179491
10648025,"Testeron",2.179491
6594309,"Calm Guzzler",2.167617
13562556,"Shiro_MA",2.167617
12403742,"what about me",2.167617
13452017,"thebeastjona",2.145564
13999629,"Cheriatric",2.122192
18579521,"ImPPT",2.116513
10250612,"_Cyan",2.109134
13119417,"PawlosXpl",2.109134
15630936,"chantarazu",2.099127
29147986,"totiruocco0",2.097611
38863167,"Irisvlr",2.086147
7807935,"kaoshii",2.084777
3417469,"Spork Lover",2.084777
1818573,"Anroyz",2.084777
3046750,"[SHK]oliwakami",2.084777
11869374,"Medicals",2.074739
12769209,"Johto",2.074739
14733798,"Zeaqk",2.074739
8861593,"Venpris",2.074739
14208826,"NeuRoNoWa",2.073108
4797389,"Abraham",2.068468
6360447,"jop",2.065326
21629787,"Rossito8",2.056093
14817468,"stllok",2.052860
14684430,"Ievi-",2.052094
1355695,"z980838928",2.040856
13435594,"Jusstain-",2.029691
3696423,"Flezlin",2.024986
15038779,"Dicha",2.016922
8529932,"wowitsdoge",2.014768
11854446,"Markrum",1.994753
11703792,"CYREZ",1.993699
8606533,"r_kimmyyy",1.985502
4384207,"DigitalHypno",1.969349
13966527,"Ant -w-",1.948353
13216227,"GALNERYUS",1.939435
10979305,"Recent",1.939435
24879119,"LittleFede",1.939435
12949657,"Alu",1.937510
10613132,"Patto",1.935650
12959435,"Eowish",1.933046
4752123,"Remyuu",1.931515
29302505,"cwutchy",1.920879
18378273,"DanzyZ",1.920879
13134584,"noederu",1.920879
12296128,"junamat",1.918882
17022896,"-NyX",1.915486
16425951,"Lu2nar",1.912463
15173952,"BATBALL",1.899765
2198995,"Minecraft570",1.899765
12130373,"Phan Dinh Tung",1.899765
6137858,"GLORYHAMMER",1.899765
10126088,"zaguh",1.899765
8779938,"Voltronn",1.899765
12784319,"Fault",1.899765
11023021,"Luxariah",1.898358
20778568,"Useless Can",1.892626
15760163,"Falnt",1.878861
12762744,"Toilet Player",1.876875
12290117,"chantat",1.875388
11077136,"Babakoon",1.864108
11070577,"FAW",1.862362
7165344,"Kughxy",1.846497
5442931,"glass2wave7",1.837675
12728507,"Daddy yankee",1.837675
15206560,"viiolet_wasp",1.835840
17092838,"Nanano",1.835362
6102099,"petr",1.833078
10199656,"Jo Yuri",1.833078
7306698,"1103",1.827506
20512411,"micqaal",1.825155
9523661,"Laestadian",1.825155
20349365,"Raynerpo",1.807321
9924464,"Sordruther",1.807321
30771147,"Izuumi",1.807321
18567604,"Kuchiki Rukia",1.807321
10135888,"Yumo",1.805594
20864743,"obren",1.787337
6338477,"yutro",1.784563
12111038,"tisse",1.777420
16069829,"Honma Misuzu",1.773415
4178797,"Josh123uaJ",1.767552
3859111,"Beardedhippo",1.767552
4316633,"soik",1.758450
14256364,"PineFugger",1.754023
10336374,"Kamilony",1.752340
13628898,"Jacob3",1.750256
12816196,"Ruby_xy",1.747964
5717619,"stubbie",1.747964
26243771,"xotix",1.747964
13836587,"Medoo_",1.747964
16543623,"Horyl",1.747964
7861779,"cillian",1.741800
11655886,"Basensorex",1.738243
10735379,"SHEKERANDO",1.738243
16485572,"IternaI",1.738243
10343292,"mint breeze",1.738243
31444348,"InkLyned",1.738243
4512984,"Tsokoz",1.709370
8975823,"solid12398",1.709370
13962152,"creator",1.709370
11132237,"cant play",1.709370
19052463,"Jehn",1.709370
4194445,"reflection",1.699841
18755966,"_Kurookami_",1.691003
17663666,"flyond",1.690360
14047737,"Stemuu",1.690360
12857925,"Jordan2090",1.689696
13072772,"KingArt",1.687488
3493804,"Eirra",1.680927
7748891,"xXChokgamerXx",1.671540
7047218,"riwu",1.650400
13711167,"BeatVortex",1.616195
12771805,"GodlyPeeta",1.616195
10119845,"cute boyfailure",1.616195
14231431,"Anphans",1.616195
13046713,"fni",1.616195
14208375,"Soyuha",1.616195
7789573,"AwakenD2",1.616195
22922042,"Goodbye Brother",1.616195
4585205,"akiyama",1.614170
6787898,"Judani",1.613042
1856829,"Firstus",1.613042
16155325,"jem888",1.612961
3101063,"datlizad",1.607132
15564660,"Emjae",1.607132
10053373,"peroroo",1.607132
7427847,"Fruril",1.605706
9387696,"Goose King",1.580211
6473092,"kbwaaablya",1.580211
25950535,"Mrkotikgg",1.580211
11774020,"zecutor",1.580211
10119933,"Pastelish",1.571326
2245830,"[cat]",1.571326
8157498,"Ashleysboy",1.558404
20263707,"bob man",1.554122
1545563,"Anze",1.553691
2052847,"FeriOP",1.536230
9047729,"Spev",1.536230
579370,"SKaiBlue",1.536230
4832514,"Kushper",1.536230
10702232,"milo Penguin",1.536230
9804293,"Yachiyo Lunami",1.536230
3189069,"dnfd",1.536230
15658574,"ratbutbuff",1.536230
17192433,"averybadnoob",1.536230
11673059,"DonnieGG",1.519822
13456514,"anizaka",1.477674
19241975,"WeisseKatze",1.477204
8291141,"egaSyeliR",1.472791
12080544,"Eevert",1.459984
6131258,"-ether-",1.459783
20164146,"noobzexe",1.459783
11138242,"Xi Flashlight",1.459783
31411669,"yunoforever",1.451500
4980554,"Wimsy",1.451500
12350960,"xractiv",1.451500
9374894,"rhyy",1.451500
14516622,"terrax",1.451500
17728349,"rely",1.451500
9122645,"Mifu",1.451500
15512616,"Satrbucks",1.451500
34301975,"overline",1.451500
10350809,"iamanewb",1.447721
3149395,"richp2k",1.447721
8801931,"LayZxD",1.441016
25300323,"_-Astra-_",1.436213
11786359,"Bry",1.426896
19903338,"Jurgen Klopp",1.426896
14931645,"X1ANGLING",1.426896
16178777,"enzoliu",1.426896
13412012,"Heatslash",1.426896
20859732,"LiZiShu",1.426896
5645667,"YaMaDarknesss",1.423023
3641404,"uyghti",1.423023
3942535,"wusa",1.411709
10313502,"Maxkem",1.402658
7361767,"Woodzy",1.402658
15772899,"Omega2816",1.402658
5570115,"Chubery",1.402658
9517052,"Fiilip",1.402658
4930467,"Doggie",1.402658
5038837,"Arua",1.398694
10640186,"SaikenAsukito",1.398694
7941423,"chezbananas",1.398694
13672955,"G1org1o",1.398694
10094345,"dzikush",1.398694
6169195,"-Nanahira-",1.396405
11538640,"electrostrike",1.394660
6292234,"Sharqosity",1.386701
20511373,"pauldeegee",1.386701
10611301,"LilCorks10",1.386701
18783838,"RED40",1.378782
7645948,"Nyang",1.378782
11653711,"1Max",1.378782
13300963,"KpoJ1_MoHctp",1.378782
10903878,"Sunda",1.378782
9377901,"REFANTAZIO",1.378782
19034045,"emrepkrr",1.378782
12122599,"Bakladgan",1.364390
5189431,"Hardstuck 2",1.360206
10227144,"bogdanski",1.355260
9883156,"lefrutit228",1.347498
11267857,"Jimarrah",1.343324
1516650,"Ponytail",1.332089
3785103,"Igor Cabra",1.332089
7402486,"Noobnari",1.332089
5136821,"Toua",1.324442
8926244,"Kahli",1.324442
7119659,"Amuro",1.324442
8975836,"Snowy LP",1.320181
12988448,"Blad_D",1.320181
13253069,"BobrowyDealer",1.320181
14365832,"JamesIsConfuse",1.320181
8501631,"wit117",1.313608
17205720,"jpek1209",1.309263
17304335,"raimu123",1.298347
17561841,"VLADYSLAV",1.295122
12064024,"E3kun",1.286777
20285591,"rlsc1109",1.286777
7547563,"Sebby",1.286777
10996232,"Maeryy",1.286777
19027022,"Nono7524",1.286777
11999777,"shartgaming34",1.286777
10722016,"m_iqbal_21",1.283361
2128311,"ftg",1.279356
10854590,"Xedon100",1.279356
15331607,"Weaknessez",1.279356
10210668,"SakuraSunset",1.264625
18366689,"0cantaim",1.264625
12289371,"mmogu",1.264625
9512538,"zeris",1.258875
10910184,"reiwu",1.257315
14987100,"Huguwu",1.252798
4317480,"Malolat",1.245497
18262862,"jammxin",1.243614
38557210,"SamShifer",1.242803
9322480,"distantmemory",1.242782
6524603,"Freezd",1.236500
8928890,"Stylante",1.228436
4911870,"[SHK]Shamiko",1.228436
12622111,"Josee is my luv",1.228436
8552735,"TwintailEnjoyer",1.228436
29676811,"danib0k",1.221381
10601725,"Senzek",1.216653
27858341,"fluvry",1.209532
12110760,"cheese ball",1.209532
5346146,"Drerrie",1.209532
20269653,"Heil__",1.207154
19412255,"HiuraMyBeloved",1.207154
7041902,"Ruhe07_",1.207154
20276787,"FyreV4",1.207154
8662706,"Tokora",1.193141
29365787,"GotOverIt777",1.193141
15787738,"Avias_",1.193141
15900803,"zo_",1.193141
10771238,"skyfield_",1.193141
4095562,"bze",1.186187
10691605,"evil yencis",1.186187
8128670,"Mysamine",1.186187
9805089,"Spandelier",1.186187
10384194,"somethingcooll",1.186187
8801364,"Seina",1.186187
8226107,"Chiyuu",1.186187
14073932,"TUYU",1.186187
3996548,"blastyW",1.186187
14326739,"Gepsoni4",1.186187
12782279,"StellaBun",1.184394
2204373,"moon2k",1.184394
14247293,"forza",1.184394
4230827,"theez",1.174455
4009916,"go525",1.174455
12868917,"Jontea",1.174455
21391459,"fish k1ng",1.172384
14272451,"Juztan",1.172384
27385289,"romeo tempest",1.172384
34853210,"This_is_LiVeR",1.172384
19618102,"shiromisu",1.172384
18136910,"Hakuju",1.172384
20178628,"ignorance uwu",1.172384
10507407,"Nymphe",1.167545
23738997,"dasher1505",1.165534
13161995,"-rixia-",1.165534
6752520,"- Flandre -",1.163502
7748893,"Diamux",1.158717
8202998,"Frostium",1.158717
10571662,"Jadekick",1.153826
6336555,"keluu",1.151935
10225573,"Fiplz",1.151935
10903895,"RaiN0",1.151935
4324550,"Desecration",1.151935
10659233,"BTG4",1.145187
9596684,"adiguwno",1.144484
24739069,"xerithe",1.138472
14679805,"Zexsch",1.138472
11092735,"tsaritsa_repa",1.131791
3621226,"-Kamy",1.125144
4949405,"kth180591",1.118529
7361815,"cavoeboy",1.118529
22349440,"Vetole",1.118529
7457788,"DeathHydra",1.118529
12607463,"BeHot",1.118529
11526714,"william burgers",1.118529
13078293,"Bana",1.118529
8824226,"FooTShOoT",1.114861
26812902,"MakuRust",1.114861
16988359,"Gommish",1.114769
15334533,"Daldor",1.114769
7660383,"455-38B",1.111947
5184445,"Fairy Peak",1.111947
5412451,"Y4ong",1.111947
10067974,"mrbeastfortnite",1.111947
14143727,"ALBOON",1.111947
3547290,"Mitchi",1.111947
10662566,"rwinzzz",1.111947
26407710,"paprunia",1.111947
4375125,"Nowitskey",1.105398
9099075,"NoikkaX",1.105398
17031854,"BJIADOC",1.100305
14083285,"Kurlsu",1.098882
14954732,"wxyz",1.098882
6796557,"Samoyed",1.098882
10710324,"Yhju90",1.094400
4673649,"LUNAISTABBY",1.076229
12601823,"Gage",1.061685
19803457,"hygeo",1.060462
14948456,"AziimaN",1.060462
19072684,"nehemiah",1.060462
13623476,"koyo",1.060462
13609867,"Siffrin",1.060462
3634152,"Ryo Yamada",1.042286
11068701,"BoredBlaby",1.041680
11238108,"THE IDOLMASTER",1.041680
12274556,"Stiffu",1.041680
11638561,"baconelsker",1.035482
10398451,"Tina",1.035482
9599681,"kaenen",1.035482
2709574,"saiyo",1.029314
12537417,"Hydrole",1.029314
12463047,"judor",1.023178
5965797,"osu shallah",1.023178
16194997,"timmoltommol",1.017772
12040280,"Xyloz",1.017071
2190336,"Pray",1.004951
12732913,"zwii",1.004951
11271329,"iamamb",1.004951
21653406,"hihihaha142",0.998137
4913598,"Shaiden",0.992950
3825470,"K22",0.992950
1234432,"[RanYakumo]",0.992950
19975504,"a7na",0.975504
11357673,"MarcelSvK",0.975173
1558603,"MouseEasy",0.969585
10845985,"xSnejx",0.969585
16095174,"elixirio",0.969585
7564205,"rusher_808",0.969585
2946504,"Latale",0.969585
11305414,"leopars06",0.969585
6997572,"kug1",0.969307
18539503,"Doyatify",0.957661
8881379,"Bek Bek",0.952006
10908786,"Haydosu",0.951882
6073492,"OsuSeulgiDragon",0.951882
11865009,"Trigger-Happy",0.943598
21966377,"thanksook",0.940409
9039174,"Def3nderFV",0.937688
3274346,"Blairzey",0.929051
8812062,"Vratical",0.929051
11645243,"[-HONORIN-]",0.929051
8576234,"kaiyuu",0.929051
11875189,"-L U C K Y-",0.929051
11671398,"The Roundtable",0.929051
17640839,"thegamergoat",0.929051
15177293,"Nesus",0.929051
8958322,"300mm",0.929051
6405477,"luis10barbo",0.924197
7141342,"Kippz",0.906673
8401053,"Echo Form",0.906673
8934294,"FoLZer",0.906673
16396650,"Ayamaki",0.895650
5207790,"CSTVN",0.868572
5155680,"VilaZ",0.847391
10346185,"Rev0",0.847391
15599273,"LighScrap",0.842161
12807415,"Tuffynut Latte",0.842161
8645257,"Kurisu",0.831781
22530168,"-Aozora-",0.826629
14698985,"klapkigronia",0.826629
11844371,"Such",0.826629
8867698,"M4X_",0.826629
2226495,"Krai",0.820477
11906249,"Yuhuyo",0.820477
12791087,"Misono Mika-",0.820477
8002409,"Pioter00000",0.810212
10966302,"JoanaBob",0.806279
15000287,"Emchi",0.804367
16006269,"Neatral",0.804367
10322186,"Sheldon C",0.801534
17958667,"FelixSosa",0.801255
18321104,"walmart palr",0.801255
1958549,"uNable",0.801255
14860270,"Prevozmogatel",0.801255
22211117,"sixsixsixx",0.801255
8278228,"MaN1aK",0.801255
19376680,"ThonyTD",0.801255
8636448,"MaWa-7 0-0 AI",0.801255
10371493,"NicoZombL",0.801255
15213508,"SmurfQT",0.796256
11895985,"Aim Game",0.796256
18846704,"hdn",0.795006
13339229,"Ginga",0.786332
19113014,"Lync007",0.786332
31023286,"1ncstinct",0.786332
32024097,"bwoha",0.786332
15676983,"Uma Rice Shower",0.786332
24076470,"new low",0.786332
17348937,"Voisync",0.786332
4852557,"Lumo",0.786332
684433,"taku",0.771631
7417838,"tutula",0.771631
6489078,"Rayzent",0.771631
7406009,"[ Hyung ]",0.771631
2705430,"Mooha",0.771631
12286201,"100 gecs",0.771631
15282798,"SmallAncie",0.771631
6300910,"Nagi Seishiro",0.770164
6314059,"Bredzeus",0.770164
12055929,"kinchin",0.770164
6673228,"amax",0.766779
15701232,"zerumii",0.766779
9902622,"kirkirs",0.761952
1495409,"ozzy565",0.761952
15751922,"SoPqnda",0.761952
8350843,"ThangGaming",0.761952
18952889,"PenSlip",0.761952
16836665,"_Ran",0.761952
5470299,"-TwiHD",0.761952
12859570,"Cthuluzero",0.761952
18276291,"Enek",0.761952
8567121,"Illuminatrix",0.761952
16226914,"GuoChuen_Osu",0.761952
5429513,"Mano Aloe",0.757149
12530511,"TALLBROSKI",0.757149
9368653,"gomaez",0.757149
21179703,"LeChuga420",0.757149
3256745,"Netizz",0.757149
15779299,"kaeIl",0.757149
19084209,"Lysao",0.757149
8701962,"-MAH-",0.757149
4539930,"KoiFishu",0.757149
8304907,"gloverlover",0.750733
9722307,"nickyg",0.747614
19135423,"- Koshiin -",0.745936
4982095,"Sakke",0.742883
2217753,"watun",0.742883
4711593,"vvnb",0.738174
21338717,"Yesew",0.738174
10258042,"Hallucinogen",0.738174
10049665,"ckhrix",0.738174
6303818,"vain",0.733490
2574658,"Yura Rin",0.733490
2565902,"MoeYandere",0.733490
5149551,"gova",0.733490
846038,"Splinter572",0.733490
11714995,"shpeediry",0.733490
12303351,"jajajajp",0.733490
17946652,"ChickenTasty",0.719576
13508273,"ChengLingSan",0.719576
9013565,"danielyi321",0.719576
16772736,"Divava",0.715572
24903888,"Ayden2008k",0.714984
7754026,"snile",0.714984
4695683,"[ Apashe ]",0.714984
13626946,"CFGiel",0.713017
10850740,"jsKayy",0.713017
11787679,"Robro47",0.710415
5106613,"Ronk",0.708408
16359045,"Vayge",0.708408
13672885,"Smaragt",0.705869
8645133,"pedeko",0.705869
11172237,"emile-",0.705869
14017762,"ywd",0.705869
23880988,"lolol237",0.705869
14438574,"Ravexi",0.695443
11317547,"Luccachu",0.695443
10676766,"Naylicia",0.690199
10113012,"Seikosei",0.690199
10748381,"sladkoru",0.690199
8673455,"Markira888",0.685704
10133455,"Basherman",0.685704
6583413,"Krabbi",0.683476
19012828,"kiyomii",0.681497
20827110,"kota_wa",0.681497
9824686,"Rootynator",0.681231
7050679,"Sturvos",0.679064
3125716,"MrBakpao",0.679064
31486020,"Laepharr",0.679064
21050003,"Ninjaster",0.679064
16273289,"Boerb",0.679064
19790545,"Feveek",0.679064
19135340,"5c0p3d",0.679064
15122186,"apollothehybrid",0.679064
17905291,"SummerSide05",0.679064
7909109,"Mirinae-",0.679064
15050718,"Kanabis",0.679064
19783488,"AmazingBacon",0.679064
15201376,"tidy",0.679064
15830012,"aKolii",0.679064
14997406,"Cikooooo",0.679064
8812593,"RemyKo",0.674674
6479192,"SadnessTrain",0.674674
21398264,"HD1",0.670306
31352024,"Rur1n4",0.670306
16522589,"lamenting alice",0.670306
9895270,"Approach Rate",0.670306
16386592,"Jeon",0.670306
8852426,"Tapses",0.670306
12128174,"Fop",0.670306
14252935,"astrin",0.670306
8257675,"Vararaup",0.670306
22816471,"Kamenishi",0.670306
10143086,"hotcat190",0.670306
11503939,"abbye",0.670306
22882868,"peytopot",0.670306
16873960,"Nennerce",0.670306
10961512,"krh",0.667945
6843383,"YoshiLover456",0.667945
12115298,"HeyItzShane",0.661636
12652779,"Jad",0.657333
7863082,"piklopedia",0.657333
14215411,"Brian Griffin",0.657333
19110609,"IcyTrip",0.657333
12109316,"Sigewinne",0.657333
3179601,"Tarulas",0.653051
11652827,"jixxi",0.650065
3698691,"Vivace",0.650065
147515,"Rucker",0.648791
4843831,"TheKid217",0.648791
25483854,"goldy1337",0.648791
11308471,"Asriel",0.644552
32487032,"gxsty",0.644552
13198856,"BibleThumpGuyy",0.640335
14287201,"Purpol",0.627807
14252355,"Okayu",0.627807
8914317,"bahandilover667",0.627807
18818598,"_Pawpie45_",0.627807
34898887,"KigurumiSungeki",0.627807
29571053,"Axeternal",0.627807
12100938,"[ Demo ]",0.625071
12930001,"Pixelz",0.625071
13865320,"milosz kitten",0.625071
4435332,"Kurogami",0.625071
11787038,"incarnate",0.625071
11325529,"Wryze",0.625071
17639865,"KatySad",0.625071
7503114,"Sampo",0.623673
15302347,"W1nn1e",0.623673
14134009,"met_0",0.623673
11452852,"FLDR",0.623673
3223144,"Vall",0.623673
14070961,"AA_Raiden_MK",0.623673
4474290,"Holymango",0.623673
11470408,"Soldat101134",0.623673
3959582,"kiiro127",0.619109
3893420,"trevrasher",0.619109
10229405,"G Eleven",0.619109
3122948,"Ignite",0.616751
3556891,"_demo",0.616751
2378346,"ExpertBOT",0.616751
16318993,"[LAMY]",0.616751
19547995,"kilkanerch",0.616751
24533726,"wee",0.615467
4356955,"Somu",0.599298
3870420,"YomiO",0.599298
18657692,"RaviNurul",0.596310
20734702,"cfunkyy",0.595306
11996209,"Mike Wazowski",0.595306
3373422,"skylewl",0.595306
31259935,"sizakunn",0.595306
18442062,"Boh",0.595306
10459494,"Picko",0.595306
13205755,"Potato9756",0.595306
4981738,"epicercaner",0.592282
5522259,"Astralet",0.583449
3256299,"Epiphany",0.583449
19073990,"Skhyze",0.572446
34867437,"paundze",0.567914
8266808,"ANON TOKYO",0.567914
9317883,"Leehai",0.567914
9560694,"Ramizel",0.564078
17216184,"ER666666",0.564078
30515363,"AlexusChristus",0.560779
4277702,"Mystia",0.553099
9149167,"Fluffy91021",0.545186
9401816,"Ole",0.545186
13608071,"foksureq",0.545186
10592853,"Hayasaka Ai",0.545186
13792666,"snox",0.545186
9519657,"laks",0.545186
9918331,"firsw",0.545186
35808289,"tettii0515",0.545186
36664939,"Allizion",0.545186
33656775,"[Cheng-Yu]",0.545186
13298387,"Alphan",0.545186
7915523,"xarrian",0.545186
10119186,"namirin2",0.545186
1901534,"0120",0.541720
14514262,"Djn",0.541720
19964108,"Atirta",0.541720
12165651,"-Christy-",0.537761
18733683,"Mr C B",0.537761
10700393,"Tam-",0.537761
4177361,"dovekichi",0.537761
10955397,"pepega69",0.537761
17750778,"kden",0.537761
17408955,"rch",0.534229
15731161,"Aqrilla",0.534076
13062107,"Calipso",0.534076
20121951,"gavot",0.534076
6544807,"Empyreal",0.534076
21229598,"Stereos",0.534076
16644505,"Vojo",0.534076
11115071,"Lantic",0.534076
10649224,"greenyoshiyt",0.534076
24717776,"HAWAzin",0.534076
6234836,"nicas",0.534076
31849308,"MIELEC",0.534076
11291335,"Mebura",0.534076
4759050,"Mortal",0.530409
2214908,"Rekinaja",0.526813
8204345,"RMEfan",0.526761
6507634,"NEOBLAZER23",0.508790
17697722,"big door",0.508790
19140641,"Klollina",0.508790
8656273,"Chiya1001",0.508790
23235560,"RedMunch",0.508790
9766508,"AquaRua",0.508790
10456643,"RainingDance",0.508790
6585939,"KOCT9H",0.501726
4468765,"KABA",0.501726
14063097,"Rane_",0.501726
8887314,"littledolltoy",0.501726