userId,username,totalPoints
7562902,"mrekk",7586.593003
12408961,"MALISZEWSKI",7013.705177
1719471,"EZChamp",3855.168355
8007528,"Raikouhou",2489.369065
8472976,"Suyung_",2399.140686
16817965,"Kamensh1k",2254.259944
11443437,"[Karcher]",2246.606536
13767572,"Saiyku",2078.474626
14106450,"worst hr player",1966.962058
9849451,"NaPiii_",1882.235510
12159899,"MineFrostID",1748.858614
4504101,"WhiteCat",1733.397124
2165650,"mcy4",1732.021662
7341183,"ASecretBox",1604.133563
7512553,"Utami",1602.571751
3717598,"xootynator",1584.665164
14215850,"bunnylikemoney",1500.481894
7813296,"rektygon",1461.791513
7780605,"Fleh",1400.799362
5182050,"Bubbleman",1348.579257
5339515,"Mathi",1313.681450
8640970,"enri",1246.488640
4787150,"Vaxei",1225.014582
124493,"chocomint",1210.250851
9269034,"Accolibed",1194.780194
8660293,"willy0214",1192.484724
13609904,"PinkEyeFan2013",1185.017659
5981005,"gamer228666",1148.130365
4108547,"WindowLife",1102.235499
10743390,"RafaMat",970.449933
9224078,"FlyingTuna",957.824920
9938943,"aknzx",937.536800
11375105,"lolol233",899.425491
13057699,"z9a",876.487866
3765989,"okinamo",851.953335
5199332,"Chicony",850.917015
2546001,"Intercambing",818.021826
15885344,"nooneloves",804.030828
8116659,"criller",791.429687
1492995,"zonelouise",788.358780
4734703,"NathanRam1918",770.021543
2012453,"PikaPwn",747.266239
7959945,"calebshucks",719.028088
12118967,"Zentoro",714.441185
1860489,"_Shield",713.306018
14992852,"lil bread",711.446431
11553627,"Jemzsee",700.460148
2932510,"wuhua",698.741738
15225729,"-IZZY",692.364625
3171691,"BTMC",689.407288
8799923,"Suyong_",673.198396
13300203,"yary",672.903859
10077132,"monte",669.096496
2558286,"Rafis",662.319230
3345902,"Varvalian",650.503639
9712285,"desuqe",640.990108
16139008,"sharytory",634.842099
15339747,"runnysunny",598.550897
2511839,"NeliNyan",592.742352
7075211,"tekkito",580.502531
14676719,"TTv_UFO",573.290389
2214428,"Shower Head",573.122119
14503423,"misha awa",570.222502
11399348,"fragranceofpage",564.921503
5527745,"Abyssal",561.183152
6157605,"Topoi",551.134527
7918057,"Shyot73",549.435480
4511522,"Doomsday fanboy",535.338100
4928776,"AxewB",527.301932
10634348,"EthantrixV3",526.408117
12241010,"Tutel",524.635371
9211924,"Melvr",522.702330
2291265,"Arnold24x24",512.589700
14097024,"thank you",511.502811
4209965,"Bonk",504.588249
16320893,"Dever",502.830361
6788821,"Dempsey",490.200029
11552867,"Welter",489.521462
6524092,"VoProSSoFF",483.548922
12366071,"bsm",483.174291
284905,"Ekoro",482.212142
26442115,"cloudie",481.519997
9265990,"rng_",473.560400
10651106,"Pezz",465.147004
1876565,"Mastasz",459.117715
11367222,"lifeline",456.197592
8856806,"ChocoPafe",451.670322
12197743,"kotkotyar",451.370682
12873118,"smozhen",444.207827
6646269,"1v9",440.922681
15293080,"clafrelys",438.506883
15406985,"Ivaxa",430.609324
16870029,"vljoy209",430.384556
6304246,"puppy",429.800784
4830687,"BoshyMan741",429.585449
13108233,"liliel",427.971351
612898,"nicki1324",423.729156
11684622,"Sh4rq_",420.107978
12976255,"NYASH",416.817795
9459674,"maxim",416.216262
19256705,"Cymango",410.425821
8251785,"killer2007",399.521967
4581069,"etn",398.464622
18153252,"z10a",390.381773
11509631,"Hagawobla",390.347871
13304804,"sarboggly",387.767796
10549880,"NINERIK",387.556688
15908405,"My Angle Okayu",384.477601
12169267,"315",379.355845
9072586,"Andros",379.004213
6668666,"Cappy",375.667095
12736534,"treyarch",366.715567
2094566,"FGSky",363.642692
10760701,"hexi",363.094121
7627844,"Mahmood",361.146547
11207004,"tfge",359.208347
11215030,"Arge",359.066772
21811804,"Akuma no Tenshi",352.389813
5033077,"Zylice",342.339083
1473890,"badeu",338.544229
3792472,"Woey",338.309500
5155973,"Rizer",332.595247
17462509,"MiMiTooU",318.260129
7341471,"Seiong",316.392428
5423872,"ruirui",311.306552
6404488,"bocchicookie",308.224594
19026367,"Cossin",307.630661
9313951,"Tsuwagi",304.373537
13062430,"marcel7",303.055233
4256461,"Riot",300.780610
2766034,"Umbre",298.067678
20501126,"6Nusu9",296.501289
8696866,"nicebroccoli",293.335569
11819046,"WhiteWoofWoolf",290.706443
9227895,"LordGabriel",289.398240
10092099,"Pablohh",288.215992
21619075,"def",287.724242
5774823,"Rupertion",286.832017
1336437,"gusrua123",286.562210
7961288,"Kluchen",285.627678
7410343,"Xaver",283.903755
15422323,"-Legoshi-",283.850103
19827029,"fallenbtw",281.890230
12378737,"Ryugia",278.435562
4170932,"Red_Pixel",277.424736
8454773,"MegaMK",274.609335
11310423,"ozy",270.998125
10270787,"Mekeyo",266.794966
12952320,"aimbotcone",265.395495
14249222,"Ethan2222",264.602799
23925029,"Kyros_",261.335167
12420904,"gakuw",261.242073
9405745,"scylla",260.444037
10199538,"SL1PER",258.572097
29055863,"Mintimus",256.665354
11921197,"Shiox",255.079345
10323184,"Flaro",254.277690
12970596,"Gurbzy",253.073773
9993348,"ur cute",250.035837
7108275,"i love manosaba",246.596159
11481765,"RAFUNA",246.191289
18946207,"nekore",244.452015
18092331,"Lesperry",241.106713
9508109,"onetabby",235.693167
5218178,"MALTESER",235.139157
8788058,"Jakson",234.890171
11592896,"fudge",233.092965
15780777,"big_tatik",232.541709
16529875,"Wanderio",232.009067
9818947,"Zpinxx",228.912972
12796317,"oPixay",228.884157
10223298,"NOUMEN BREAK",226.246468
10966088,"splenty",226.125040
3126596,"Mlaw",224.862780
6922333,"yadon",223.015159
7972980,"-Din-",219.711810
11195861,"GodRoPoNiKa",219.396472
4141918,"Thundur",219.188211
11983229,"Norlain",219.027645
11234706,"ZeitFrost",218.609301
13056953,"Toy0Ta",217.924433
18903701,"Dreamz",217.749145
11948617,"Saymel",217.585313
9052194,"Allegrissimo",217.409265
14385814,"Tim Kackner",215.073131
4175698,"sytho",214.621818
12779141,"gnahus",213.639587
17724014,"alfiu",212.107750
11198996,"A21",210.207168
15556397,"yodeston",209.829150
10145502,"WooperFan1",209.403759
15816872,"Ledeau_Fox",208.651534
21011325,"mihail pikulev",208.432397
10567112,"Alfrah",208.041596
3162741,"Aotoleen",207.625650
11345690,"velcro shoes",207.600420
7818990,"Cheyne",206.009759
5326197,"Invoker",202.984357
14919428,"Aheo",202.778560
7724148,"hoanito",201.624198
16416081,"Rinko Shirokane",200.133260
2802727,"DarthInvaderZim",196.604771
18131614,"polski1",193.894094
17707250,"aspen",193.759720
11410595,"Niali",192.671867
11269055,"Swiq",191.225713
5154946,"Bernkastel",188.384003
10903510,"trumpatino69",188.048070
17446380,"bananachi",187.349858
8335950,"Reedkatt",185.059839
13380270,"Kama",183.346443
11962818,"flowering",182.056373
11604978,"perthed again",180.513490
16900233,"awesome sauce",177.240461
11351654,"Epes",176.384299
10852203,"yencis",176.382476
11883736,"towren",174.395449
4301976,"Hifkil",174.332192
16348690,"Adomeium",173.818788
13065919,"R1cho",173.084571
1419095,"Aricin",172.270757
23574301,"greglet",171.586003
12110337,"Binninja",170.923908
12595640,"Bajan Canadian",170.034659
9203793,"xep",169.481375
11800154,"Sherbet",169.066222
11626318,"reused",167.591275
3533958,"fieryrage",167.059109
12252724,"honque",166.193355
7333471,"nuxx",165.102371
9719351,"minefieldsurfer",163.400935
13068741,"LyeRR",162.837174
10748631,"Tommy315",162.544240
7806847,"suly",162.042068
2675255,"hqshe",161.035411
6942259,"Rebo",160.016270
17649390,"pupusa",159.625778
7246165,"Kageno",159.476367
8529128,"Victoor",159.140415
9820878,"Kotsik",158.241409
10652837,"Rammu",157.149214
16800870,"alexsandll",156.987256
12137295,"jahkon",156.972731
19998548,"suntanCTM",156.607919
6114695,"ciru",156.467317
12353810,"papercandle",156.430692
10073635,"dench",156.141846
4470775,"razorfruit",156.072848
5477343,"kurtis-",155.251878
8581210,"8581210",154.637624
4650315,"idke",154.530419
10188022,"-Hirata",152.647423
7027766,"Chipori",152.321061
5645231,"decaten",151.989733
11715109,"AlmightyDoor",151.203416
18111064,"eruhar",150.417758
16263219,"[Eclipse]",148.887205
6479616,"Mornis",147.444238
16774872,"skia1",146.371839
10975777,"CutPaper",146.357482
7657831,"justman",145.616909
4845266,"haruchi",144.771847
6399568,"YokesPai",142.710100
12254421,"ZaNy_",141.633208
9902255,"Apostol",141.607578
2184751,"Maxe191",141.036189
8370755,"_Twent",140.736214
14436159,"kt09-",140.625545
9896317,"RyooYamada",140.034357
2944449,"marwin",138.383935
11456186,"nevergrace",137.158850
6600930,"yamss",136.987254
8666950,"karate",136.815579
4432408,"Toesu",135.650832
12667143,"Rykic",134.551751
14277157,"Nailer",133.912400
9513980,"Tartis",132.276269
31507014,"kemsi",132.105983
10890712,"Tonnisdk",131.290238
16385977,"CBarAM06uJlb",130.959214
7892320,"Zeisen Udongein",130.605015
3149577,"Coreanmaluco",130.460271
11971304,"JeadIng",130.361401
9961301,"Daisuke Narotan",130.218843
14267996,"Cocali",130.085659
14547194,"Azertyran",129.567956
5177569,"yip",128.964558
11987104,"Eagle5324",128.630340
754565,"Dustice",128.491804
15701343,"Lightningfox",128.017385
7351448,"fedotoff",127.864568
12088216,"Lewis Hamilton",127.621763
12776754,"Joyi",127.322328
18386465,"David Seymour",127.240704
13518421,"Jxir",127.035495
9254536,"khz",126.688029
17730661,"OnlyHadley",126.308104
7469192,"nobully",125.393877
11243772,"strived",124.729427
4250296,"thaibuy",123.649292
8275006,"-pare",123.641263
8868635,"Egor",123.597070
9276293,"EzChock",122.683617
7438459,"ricoel",122.523856
17008453,"shinomontaj",121.992444
5724445,"Jesse Pinkman",121.829612
14709263,"manosaba",121.449111
12147277,"-Kedama",121.362228
3506793,"Viveliam",121.181669
4682646,"maxbireo",120.608650
1650010,"Aireu",119.896771
24486749,"AstroVnz",119.570539
14582697,"HeyCat_",119.124771
19887342,"Hober38",118.893135
4389490,"Alice Carroll",117.422979
7280590,"-DEVN",116.784494
1906975,"Hellotomlol225",116.633301
10077431,"plambob",115.580098
11466630,"xoxyl",114.564028
21207816,"bored yes",114.535340
9642774,"milktea0019",114.513914
11159039,"Yseri",114.471447
16178978,"Anirium",114.083314
12179012,"Rinnu",113.894962
13484596,"Impowster",113.295147
14176480,"Raspigaous",113.232087
11843859,"TacosCordoba",112.473197
4495889,"Unexpected",112.444309
14457718,"wuk",112.161415
10717635,"Hakui Koyori",111.488331
13586618,"taro",111.398392
13872859,"doctor mojo",111.379886
5919819,"Woofel",110.620757
17440191,"Equidimensional",110.570343
12855946,"saewon",110.360195
7525949,"shimon",110.258285
25626082,"Satsukiiii",110.075732
15537480,"VIaddex",108.988763
14282987,"szedis",108.871313
23162589,"DP285",108.851836
19577872,"Reisen-Desu",108.583793
14844399,"Nazuna Nanakusa",108.583793
14232033,"AC_",108.583793
8725569,"MikeyRea Grape",108.583793
13245208,"netraena",108.583793
12178286,"My Love Emilia",108.583793
21101642,"My Angel Kita",107.330728
9797230,"Gameroft",107.198014
10333154,"synoxa",107.077480
17548061,"ikuyokita",106.809142
17485776,"L1ssak",106.361414
13323630,"Losorto",106.027742
19851850,"cloppit",105.297334
11811792,"Sorae",105.243401
12309147,"Mizeree",105.002472
16779690,"Exalon",104.734762
4196808,"Karthy",104.221107
16564766,"zhunque",103.506351
10463344,"Marjus",102.168600
16425951,"Lu2nar",101.907389
17117482,"Pabloniichan",101.200312
7613309,"matcha",101.197236
10196805,"angelkanna",99.834070
17213856,"Gloving Legend",99.476744
11226645,"JackPaX",99.306072
10069909,"GNX",99.151786
11930908,"AdrianLabubu67",98.980990
14490563,"manicmacho",98.885132
16616677,"CyberOni",98.700445
9561644,"AllyrD",98.661597
3772251,"Ephix",98.507274
11042418,"lystia",98.232130
13735210,"TheKusoAimer",97.213680
11021073,"baoo",97.145059
2110845,"Rlsc",96.632302
15567583,"MYKEYBOARD",96.551819
8935379,"Slenderman",96.362284
12904237,"stupid dog",96.296313
30947671,"ecca",95.700452
5496627,"Mac",94.947956
7141342,"Kippz",94.816326
16270893,"kyojaku",94.703829
3036545,"975250450",94.325414
6090175,"lolol235",94.249305
14035338,"Evernight",93.362052
7774197,"Endura",92.866760
20250190,"orngoos",92.717957
6292501,"Possu",92.480194
1646397,"Crystal",91.514485
5370153,"Exarch",91.465253
13204938,"Lolu",90.911281
4908650,"im a fancy lad",90.513657
14139392,"Bazingasdead",90.055840
10925451,"Mitage",89.675538
3995630,"Rampax",89.531669
3517706,"[ Zane ]",89.179786
9783155,"NieTheDie",88.493018
13353696,"tortelliniii",88.170833
13872272,"Sobu",88.155984
6133101,"Arakii",88.140672
13467691,"Naiwo",87.984046
14848176,"Yellow cat",87.618734
25643883,"dsa",87.428816
9988174,"bung wung",87.198255
12145220,"Nekkid",87.128718
14024115,"zivxare",86.014004
9049630,"Lefy",85.959644
6752116,"Arraxey",85.783090
9737185,"ch0co",85.783090
8198848,"Sawada",85.123842
15818398,"Yoo Da Hee",84.973315
10902307,"UselessJohn",84.843047
22274174,"CUPSIZEFAN",84.666627
21178407,"roptant",84.398799
13539892,"meramin",83.131569
19359793,"Singapure-",83.053423
6591496,"SadnessWillSear",83.053084
8698024,"defii",82.884836
8766780,"Hera_",82.785647
16620877,"Zever",82.482178
11684952,"VineOpoly",82.439564
18275201,"xside365",81.361198
17917574,"eddy",81.251977
2395405,"MAREK MARUCHA",81.000226
12352050,"aurora on osu",79.032220
7787629,"rafal",78.887294
12211248,"Hana buys milk",78.730354
9303599,"MrNobady",78.709943
35331553,"Flare is Freia",78.292606
9888266,"HikkaSka",78.096259
12270069,"CpxG",77.746031
11479551,"[Q]",77.628340
18047920,"Froinks",77.516729
8573172,"Lightedd",77.370434
7422021,"Lane",77.357511
11320627,"MejiroMcQueen",77.210460
11828209,"Aerodite",76.810256
7611178,"coughing baby",76.767916
4112304,"FINGERLOCK",76.675019
3730848,"mx10000",76.169979
18217876,"ESCRUPULILLO",75.807354
6215032,"Aoi Kiseki",75.683067
11750028,"Thuya",75.661261
7178423,"Teacchyyy",75.166271
11507406,"DecoysIsBored",74.635875
10345787,"obkatiekat",74.635090
11375251,"Amasetic",74.314304
5447609,"Demonical",73.686528
13407873,"Ex Merami",73.673820
15802126,"Nederland",73.673820
9923423,"RageMuffin",73.563948
13212181,"Zanzabar",72.427613
1023489,"respektive",71.751177
3048222,"Wakson",71.658621
9585479,"FlojoCosmico",71.207005
15429006,"palr",71.148366
17851835,"bern1sh",71.053213
3163649,"GfMRT",70.950211
6584831,"-Solar-",69.844278
14661718,"Stinkster",69.727986
10807597,"-Ke15",69.132608
20315228,"elituqinn",69.129838
9694263,"Skrowell",68.960396
6735738,"A L E P H",68.908156
10531825,"Lawndred",68.769439
12258658,"nujabes",68.630724
14579151,"Turles",68.463398
6916642,"Maiaz",68.139604
4750008,"Skydiver",67.990677
17202789,"YMD",67.679922
4687701,"Dropinx",67.468538
15525103,"cr4shz1",67.014814
12226691,"Wxlther",66.850224
3328742,"Trail Mix",66.609109
1501956,"Fuma",66.498827
11113490,"Legend_OZ",66.314163
18003450,"slapshot",65.857920
14945721,"Raidd",65.219729
6499896,"Winkero",65.039626
16082512,"nyachik",64.780072
1389663,"talala",64.621407
17411830,"SIDETRACKEDDAY",64.598314
11072084,"Atsacity",64.307248
24270105,"-lion",64.163964
16036374,"MR JEFFERY",63.526292
10359103,"Leasurex",63.449796
5783315,"Carbone",63.323932
5717619,"stubbie",62.892354
11580377,"aidinth",62.664183
9803745,"rumii",61.364311
2848604,"toybot",61.364285
18922516,"viciobylike",61.172470
16952010,"raffytaffy",61.102259
5455713,"SrChispa",60.943353
13253069,"BobrowyDealer",60.894877
11472811,"Uchirrod",60.842546
13623476,"koyo",60.536350
14252070,"sybau technique",60.445064
11415687,"Kurumiw",59.954702
4916057,"Stoof",59.578497
5286213,"Deppyforce",59.430777
8655960,"VizerX",59.399180
4383303,"Kokuban",59.351500
16205029,"_EpicEnder",59.165613
11940767,"Carlosflow",59.159299
10665363,"JGLF",58.412725
19485895,"unhappykuro",58.144895
1334384,"T A K A O",57.910212
11172360,"she gon pay me",57.904386
9723127,"ChaiPhukChep",57.895639
9698177,"Korua",57.805026
8441074,"Lunacy_",57.685224
2768421,"BlancPur",57.484246
4361729,"Wario",57.300037
4248481,"Meniwa",57.185886
25511941,"enterally",57.058710
21706207,"gionuaS",57.017164
23303515,"Dugyy",57.005989
12204079,"Blah",56.891233
2533400,"Cerkie",56.703208
11895642,"Zooble",56.659433
32029785,"Don t forget me",56.304456
19605558,"zonamu",56.268906
14733785,"dawza",56.263496
11113213,"Alyra",56.191745
12632210,"OceanMan28",55.734705
718454,"ThePooN",55.639161
20092579,"MoJIHu9I_MaKcuM",55.401352
9402526,"Ghossert",55.118842
12031584,"juujep",54.928726
22396092,"Jerma985",54.811063
16380723,"Ivanix",54.683379
9106690,"-Petar",54.661139
17792223,"miinr",54.630030
17067266,"Midarna",54.610854
12083446,"cihp",54.235106
11376152,"HandsomeMe",54.166550
14438574,"Ravexi",54.102092
11317547,"Luccachu",54.102092
26653673,"BananaGamer1235",53.995384
15095811,"sorinica17",53.833638
13216227,"GALNERYUS",53.627929
13175328,"Bertilly",53.480332
10486062,"Sunwraith",53.451219
2317789,"Diaostrophism",53.043480
12215507,"Moonlit111",52.513310
14592820,"Daf0nz",52.215038
2537924,"DazzLE_Wind",51.864689
3353661,"Garch",51.731570
14783866,"Forsit",51.696757
19526828,"Icarussy",51.633678
16094871,"hvke",51.631582
11959709,"CallMeRed",51.285708
8429128,"-Karu",51.195251
12315498,"DataUser",50.896848
15537476,"k4rnu1",50.696915
20272827,"Erick71208",50.473436
6951444,"Fjell",50.381851
17099895,"humane_007",50.360344
16849454,"Lyeli",50.153438
19882119,"BloxyYogurt",49.931082
6387149,"kusuriya",49.780269
13618032,"815",49.737496
24387999,"-Mahiro",49.603601
11405263,"Fametime",49.293069
2323131,"fedoragoose",48.961668
22536015,"shwq",48.796845
10424717,"ka1rskiy",48.687761
4133758,"Nameless Player",48.530725
11547643,"pawb",48.416865
11806306,"Zyntex",48.370464
2590257,"wudci",48.359511
14165027,"lonq noir",47.671039
9920144,"Kryterion",47.474319
11885405,"xan_ly",47.448993
8082362,"TrickyPugster",47.184682
15843402,"blobnom",46.894988
5392289,"kent",46.489790
2984074,"ming0328ming",46.426977
7096642,"WiggleCalt",46.211714
5175726,"Calideon",46.135724
9088637,"fireblaze3028",45.934498
23640655,"spiky",45.803114
5403374,"dasdwqdf",45.784402
16691293,"Rushio",45.704006
12434652,"Gonzah",45.626727
22080319,"trigon",45.434992
19309181,"Indicolite",45.412984
4991273,"Chheng",45.097461
5242158,"[Crz]Makii",45.085076
16051221,"Dripster1",45.000615
6194820,"laroxPL NoForm",44.971025
9397144,"[RyuTell]",44.900594
2155578,"Azer",44.762096
15831826,"SmoothyCloud",44.741422
7673764,"six seven",44.684890
10398348,"-Puyu",44.651512
7440783,"Aerora",44.630194
6295380,"iamVill",44.269857
673549,"flansl",44.148295
11415230,"Gambler",44.148295
5472693,"Agent5d",44.148295
25224927,"Cpk - The Wolf",44.091240
12696690,"YuuSakku",43.865109
16940378,"Jitterish",43.815767
7587734,"Failing",43.766819
12352926,"Demegozi",43.710036
10083084,"Librarian",43.653724
20034541,"Plosmo",43.424723
4321876,"KoaLeahq",43.279597
11749789,"samuele",43.070552
10937890,"yukinasimp",43.029885
29545680,"kr__",42.995578
7728757,"-ZooM-",42.970359
10806437,"FlipRopiik",42.954397
11508042,"Ravene",42.919200
10145045,"Juh",42.910779
23139001,"penguinplay",42.810835
11048151,"apisedo",42.742610
1629553,"choke enough",42.446539
6437601,"LoidKun",42.027648
34887927,"onokari123",41.990134
11758404,"Belladonna",41.800300
8382196,"kodama",41.527670
12598951,"dimchik",41.470615
17211525,"katalashka son",41.470615
14019207,"evankkk",41.470615
7547563,"Sebby",41.470615
23886866,"will smith",41.470615
28569876,"zeroly",41.470615
10963480,"N I K I T A",41.470615
7457161,"superboygaming",41.470615
7774709,"Gigi8974",41.357071
31406901,"3uma",41.105493
15389454,"tyty5180",40.990861
7216556,"durex",40.835968
10204748,"hrds",40.830463
13266755,"Xiel",40.773567
15720216,"Jay12310",40.615987
3673083,"Felrion",40.409869
9869794,"BabyScylla",40.303675
8629003,"-Aiden on osu-",40.199330
8222366,"leny",40.098212
5413624,"Hibiki",40.030736
16509171,"uatzap",40.024991
11491079,"sagiiT",39.986605
8655635,"Homutan",39.936292
15997508,"getenrou",39.934976
27243450,"Zecks",39.817506
2204373,"moon2k",39.794549
5963637,"Jazzercize",39.640986
3521482,"Willy",39.602911
10640486,"Naigo",39.461012
10507706,"young leosia",39.217720
13510394,"Shima Rin Dango",38.865421
9436126,"Cocoamallows",38.846005
10662111,"VerreDeCafe",38.777833
18740749,"Dathian",38.758409
14671051,"Furamun",38.711188
6523879,"LLIaBKa",38.378641
22986777,"shouponpon",38.264247
7802027,"Skill",38.241330
4585186,"Nopekjk",38.207850
14662944,"Berinjela Chan",38.161833
8181420,"big snag",38.026919
4856562,"minus",37.907776
14255887,"bashou",37.788349
8165181,"revoh",37.765621
15051132,"FaultlessPink",37.435953
11919665,"Hatted",37.430462
10325072,"Oly9919",37.421801
6506107,"Rhythm blue",37.404160
10702366,"Vagabond",37.309069
2572468,"Nongsa",37.296990
4633724,"toon",36.990504
5992551,"[Bau]",36.977260
13016277,"iryl",36.974367
15910288,"hubbawubba",36.895816
1504556,"L4plus1",36.762992
14289060,"Warinn",36.709459
9768274,"Zralf",36.639014
8901306,"C-L",36.331651
6528747,"13roil",36.271936
17145270,"TuanGMTM",36.193110
15887523,"SinqHD",36.158049
16085078,"arekk",36.016783
6283858,"tan-",35.835105
7101953,"MAKCOH",35.577732
11737265,"masik55",35.521337
7341081,"Tikkanen",35.406164
13935409,"Hardstcukc",35.351993
15803185,"disperagioia",35.275117
15267327,"Greiwer",35.256453
13207763,"Flameztear",35.251220
2282047,"Risiing",35.152435
8646059,"UberFazz",35.094038
10778261,"Razei",35.092334
5563397,"chaotic_turtle",35.036645
2553519,"Camberos",35.018043
17381728,"Toji_fushiguro_",34.463164
9246648,"AmaoTchoupi",34.395457
10809844,"xymbii",34.375902
9523661,"Tabletti",33.898565
13621727,"Flemes",33.824886
4852013,"Monko2k",33.818771
14795251,"ded24lol",33.595349
6772064,"relikOS",33.595349
18537849,"Kasperi",33.577574
13560194,"CharlioM9",33.524194
16791995,"dewy",33.522405
139670,"Vendemmia",33.397060
6955722,"mati12xxl",33.373397
19659293,"Npoolyim",33.359561
11120124,"Xqeer",33.122272
8702650,"Isak-",33.085896
6376672,"4 Fun Gaymer",33.043472
3198446,"Sigmund Fraud",32.815351
11272510,"Anhydrous",32.809765
6603836,"tpa_",32.712925
7477458,"Jordan The Bear",32.704595
18897621,"Xemtin",32.604845
2064831,"Optimism",32.584195
11883100,"XimperiaL",32.584195
13020346,"AbdulPlaysYT",32.584195
6541627,"disgo",32.584195
14084387,"danialinoo",32.578740
10958852,"lifetime",32.517315
13021820,"nikpp",32.490721
6765641,"heikneuter",32.423196
14970132,"SaintSFT",32.158884
7342622,"Freddie Benson",31.917602
8217695,"bunnings snag",31.892194
11569142,"shNzg0d",31.869471
4734244,"Informous",31.765867
6237416,"-Snowy-",31.765867
12890066,"jnao",31.742323
12529846,"Oxvenn",31.680291
12284608,"RJbyM",31.502744
14633196,"r_kt",31.285153
11749569,"Grippeh",31.285153
10728620,"Nyura",31.285153
16314022,"MithiChang",31.190981
1234432,"[RanYakumo]",31.045971
24018272,"BlaakCat",30.970581
16288992,"Ruyaya",30.814429
2922853,"suffix",30.811973
2303856,"Wieran",30.811973
6671641,"Tosen Jordan",30.811973
3072921,"Callionet",30.811973
9975427,"Dwagon",30.811973
12389546,"eloj",30.811973
14231641,"SparxieFan059",30.771982
33563170,"Cafea_",30.727273
7010761,"Kingling",30.712393
9820792,"nightlywind",30.703377
13999629,"Cheriatric",30.664731
14361133,"Spacus",30.581347
11584669,"marzey",30.562319
7005392,"vingolobuna",30.525969
12301296,"tsp648",30.476100
15771173,"puffonxe",30.341770
6662652,"Minil",30.299694
10056419,"PaintedKoala",30.130466
5144534,"Dawnwing",30.125011
20263707,"bob man",29.981963
13860274,"Valor1248",29.957731
4659319,"seegii",29.878738
5276218,"Shuezi",29.736390
18163163,"- Yuuki -",29.736390
16716683,"taze",29.736390
12601823,"GageRo",29.736390
4945688,"rairiku",29.696625
3771576,"Flami",29.679615
12959983,"antonyw",29.656576
6800152,"lPogonyuto",29.590742
29044372,"Smoyy",29.585920
18309570,"EndMePlease",29.585920
10429510,"yah",29.380377
13204059,"_brugh",29.380377
19110609,"IcyTrip",29.312629
5575135,"jan glin",29.283371
9325507,"superCreper",29.159096
6725771,"ferret irl",29.093791
9599681,"kaenen",29.066118
8925266,"Haadez",28.979107
11973981,"lightwine",28.871555
6744123,"Burning John",28.845198
1052349,"AlfredTheSalmon",28.832335
18179814,"So_pro",28.819382
12484908,"Traz",28.802815
4896825,"My Angel Anzu",28.788482
7630971,"VROUM CV VITE",28.505598
7461231,"robloxxa",28.253844
8105138,"nejzha",28.209238
15520572,"TetraDoge",28.164823
12932016,"Yuichi",28.133226
14264625,"- Fia -",28.123438
15346564,"Bairechuu",27.981312
11380904,"the gloomist",27.872132
22372931,"exen47",27.836297
11141678,"KevDawg",27.717060
9975554,"KvadroZombi",27.700002
11636332,"-Yeji",27.648276
10133455,"Basherman",27.648276
3181083,"AJT",27.648276
15427342,"Starbucks Pepsi",27.508695
12781767,"Tristan",27.508695
10064064,"Majewski",27.475241
3706039,"MetaBee",27.342498
8964050,"GAO HAO",27.313854
15885448,"oyama mihari",27.265256
3068044,"Dumii",27.135426
13158972,"Pinto",26.998066
3441616,"Clarity",26.949651
3375842,"Nayro",26.899105
7415910,"Avenito",26.858651
7701428,"Eunha",26.770316
16702873,"distant_waves",26.749229
14184577,"KNa-",26.557315
8170186,"TWOJA STARA",26.445581
13330123,"mizto",26.331692
15004178,"rtx",26.289912
251683,"Musty",26.255436
8928890,"Stylante",26.198758
7047218,"riwu",26.198758
9895270,"marbl",26.198758
14265708,"_singularity",26.198758
13966527,"Ant -w-",26.198758
6596134,"Zonii",26.198758
9509358,"termi",26.140298
11383358,"Drxvmik",26.082689
2845904,"dectopia",26.059192
23350068,"-Rigel-",26.007825
11357673,"MarcelSvK",26.004493
1460263,"Pain",25.875113
11836334,"Nev-",25.729910
18688473,"Mayuri",25.627660
13334336,"CR7MENTALITY",25.606144
9491900,"MyAngelNino",25.599051
15180662,"tgnalice",25.544199
7387395,"Martair",25.544199
13033798,"mads",25.544199
15844515,"T1 FAKER",25.544199
16802633,"-database-",25.544199
12027472,"Ace on osu",25.544199
19130169,"Lemuze",25.544199
19666163,"Scyfyyy",25.544199
10783597,"kettoph",25.441784
17064861,"Srr",25.415283
12115298,"HeyItzShane",25.311022
14287201,"Purpol",25.188330
16762558,"Peterbot",25.125427
10724221,"cir",25.121899
16536519,"mitya",25.059338
20511373,"pauldeegee",24.994762
15929865,"bottomhottom",24.655453
15841970,"littlepuppydog4",24.610168
32487032,"gxsty",24.556447
4540667,"Another Guy",24.414651
6341977,"kasuwa",24.407296
10826957,"escace",24.240964
15010335,"Klee_Torru",24.161652
10475420,"Ditroon",24.161652
15865757,"emilio12l",24.161652
13339229,"Ginga",24.058421
11208808,"Ainee",23.960026
8443945,"FlasTEH",23.746020
3249839,"Strecka",23.559190
14958380,"Clutch",23.558359
14480201,"alsper05",23.397966
15743842,"ILX",23.387230
6404583,"PLOXARU",23.371437
6574823,"haga1115",23.351189
10651184,"MINHOCA LOKA",23.264690
3674590,"septembre-02",23.218371
8329753,"yukin1014",23.086632
12061914,"Mistermotus",23.086632
12857925,"Jordan2090",23.086632
16044967,"mayreel",23.086632
3641404,"uyghti",23.086632
12068522,"MumeiLover",22.792856
17192419,"Lineu",22.742774
12005630,"Lewiz",22.652186
5151731,"skilledez",22.610049
10878651,"QAWSEDRFTGYHUJI",22.416154
19048,"Froslass",22.400349
3314158,"Zeklewa",22.300517
3261991,"239hachiman",22.283778
14764185,"Mike Tyson",22.217200
7540631,"virtuoso",22.034159
13626946,"CFGiel",21.956325
11141578,"Emilbus",21.948311
9093634,"Eskalade",21.707482
11377894,"-hiro",21.691122
15273964,"turqqis",21.673355
4733185,"KonKonKinakoN",21.632073
12805967,"Lukiii",21.440434
7205256,"TheNexusGamer",21.427831
33843286,"Toshino Kyouko",21.362420
8045604,"RomanTheFUKER",21.260195
18373966,"Okinari",21.192851
9138046,"Tokii",21.170373
14873904,"Woodsiee",20.971895
15676983,"Uma Rice Shower",20.971895
16349058,"Chechill",20.597001
15173952,"BATBALL",20.551970
14623152,"stumphole145",20.458297
22202067,"ijik",20.345162
6336555,"KELxd",20.345162
21893727,"maidkedi",20.340823
10290012,"ssubinism",20.329455
8645133,"pedeko",20.178118
9049282,"[RUE]Clamati",20.140429
4309566,"Drox",20.140429
7790974,"Ryzeren",20.140429
19758113,"Leroxa",20.140429
17031854,"Homura--",19.971019
3595282,"Jyuifty",19.915430
7009485,"BadAimBoi",19.910040
6327638,"Twilight",19.879533
10951913,"fleuphy",19.671816
9393446,"Zydan",19.603386
12790479,"shadow modico",19.568069
12274213,"Milifa Lunaria",19.517296
10111132,"capybaras",19.387727
8644272,"snailsmcgee",19.326535
8369887,"fruit cup",19.147132
4879380,"921206025887",19.085555
15919161,"abku stupid",19.050524
14447878,"Lujeol",19.017879
8840177,"Martinplior",18.748308
9665206,"kirby mix",18.643875
14664996,"Blemishki",18.606716
9184180,"iblue",18.528613
12379868,"Lex_Al",18.506914
11829390,"sakuraskip",18.386531
11969374,"deit",18.207482
11091594,"Thatnoobguy",18.161999
8211340,"flubb",18.106956
22512149,"Phantom-101",17.969931
10527116,"freaky player",17.966690
9331403,"karomi",17.961758
4519494,"Spinesnight",17.960545
24879119,"LittleFede",17.954429
8291141,"egaSyeliR",17.857191
6507634,"NEOBLAZER23",17.837842
34070616,"xzeshnick",17.837842
8957338,"Hyun2",17.837842
1561659,"[Mashiro]",17.788648
18413177,"Bonc",17.759550
1195423,"[KOR]Kosaki",17.739122
14731375,"Untold",17.658206
12369067,"alideee",17.658206
11878480,"pomidor0033",17.658206
13786042,"Bonnet",17.658206
12598411,"Donny",17.658206
9024016,"evill",17.539343
18323396,"golem de caca",17.480366
18195677,"esq",17.480366
3069354,"DanyL",17.428063
21877230,"Darnix",17.342204
11854446,"Markrum",17.300005
12563077,"02171",17.289379
16485917,"verfex",17.229809
4637369,"Petit",17.215412
4940222,"Lenzo",17.214811
8775024,"Karuna",17.172895
9505131,"Dezku",17.130979
3043603,"kablaze",17.105555
14041375,"yenator07",17.098449
4904410,"Charles Leclerc",17.098449
10746970,"Sawitar",17.098449
12482253,"Danini",17.066892
11184264,"Applett",17.061287
24409289,"Choofy",17.059945
11037250,"Bae Joohyun",16.922592
7969090,"SkunkPunk",16.922592
13596160,"gheanfoil",16.882077
10778848,"cheeeeto",16.873117
13954392,"ValueOrBluff",16.725474
8503380,"KRISSSSSCHHHHH",16.592120
8574531,"Hallsu",16.592120
11137273,"qyzex",16.518897
10121815,"Jerry bean",16.478188
20963631,"Dumb-Andy",16.452873
10630191,"AwesomeBrewski",16.451788
11417993,"Jarran",16.309508
11860256,"amefuri",16.284237
16227745,"F2X",16.272934
9316213,"NovatoKing",16.236978
2569683,"MblLO",16.165483
16396650,"Ayamaki",16.133721
30158628,"Yennecilia",16.089939
6787940,"Cole Cassidy",16.042916
9330240,"Rellay",16.014522
15427656,"MyAimPeeps",15.958050
12231397,"plee",15.957633
15769572,"Dae",15.892406
21977496,"Ichinose-Honami",15.832410
8558031,"dejiz",15.784231
9508600,"wukioh",15.705964
6571991,"Arz3",15.693107
4696315,"Skyrovania",15.680479
18604347,"Chamqp",15.660088
12620242,"Kyulke",15.637515
23592892,"Lucio101",15.637515
11673059,"DonnieGG",15.602577
12571145,"120-cell",15.529052
9906834,"Yinchiko",15.516677
8591929,"permiss",15.480345
754792,"koral",15.454420
20461077,"MidC",15.392659
12163190,"Aroph",15.323751
8359561,"StelLive",15.321112
7371294,"WhatSkill",15.300471
12760743,"A N T O N I O",15.223021
29676811,"danib0k",15.217268
15273979,"Kumeri",15.217268
10481416,"ianski",15.217268
8244635,"Hecatia",15.217268
13752814,"See",15.217268
6920104,"PotJohn Nutella",15.160674
15499869,"KhoiH",15.142639
12777806,"Vivaru",15.033217
14878652,"AlefGdxD",14.987495
6524603,"Freezd",14.868493
12024659,"RuHo",14.789574
2571893,"mithew",14.789574
14959508,"Lantis",14.655004
6661913,"AstroFP",14.518359
11322583,"_Nova",14.503283
5391728,"Inverse",14.492636
17490131,"SilvDoge",14.492636
11562243,"Leonard H",14.406907
10822717,"Accelerator",14.346384
16619872,"lakemealy3",14.346384
10870272,"QwQ",14.346384
10568168,"dem1nez",14.346384
32972291,"Torusama",14.273805
10981997,"Nekoyase",14.060339
1777162,"firebat92",13.948411
8880920,"ruyu",13.897464
2565902,"MoeYandere",13.750583
11967146,"Hunter Thompson",13.746175
9830628,"gusniki",13.502112
5309981,"Mouse Player",13.484008
13514678,"MordeyMay",13.472205
21344890,"Kafelek123",13.471739
3478883,"Aristia",13.258974
20469191,"tzuyang",13.201207
18047677,"TTembelic",13.201207
14365832,"JamesIsConfuse",13.201207
14388839,"GabberSS",13.166007
14035920,"Rikuima",12.986360
11119010,"lizzzil",12.978427
7165477,"Ryuzaki",12.944907
9747255,"Fobxx",12.899579
19469420,"Ahwokn",12.895299
14711593,"doxxsan_",12.877481
24903888,"Ayden2008k",12.858421
10021506,"mqno",12.830672
17857268,"[MG]Luciano",12.830672
16816141,"GabiBoltZ",12.805794
8195473,"cyo",12.766344
5104320,"SeeL",12.735617
5712451,"tomadoi",12.680475
10349559,"melwem",12.654510
15213233,"tsuniko",12.641196
13214651,"Cellinia",12.636618
16329318,"Furudo Erika",12.606740
9531007,"fishing license",12.572578
9086565,"Kosiarek",12.565225
7908994,"dlwlrma-",12.433448
6142837,"NoSin",12.420013
13788492,"ThanosPortal",12.420013
18284065,"Oscar con boina",12.420013
4014850,"lgbb",12.420013
6147964,"Dragon20942",12.420013
12498437,"lightingloyz",12.324682
15803625,"twennity",12.234683
4253615,"zubs",12.185033
8236827,"Fumatsu",12.134592
6293158,"ConsumerOfBean",12.083465
13484344,"Nakano",12.010415
17331224,"EPILEFii",11.888891
7537133,"baileywave",11.837136
6937470,"kazamabc",11.829684
3145033,"HUNDUR",11.828584
17949915,"dados123",11.828584
7068158,"JapWhite",11.828584
12563182,"Threegs",11.644265
419954,"Regou",11.599252
4980135,"Behwall",11.590349
11918602,"mabayu",11.536628
8058206,"GoldenMine",11.390616
18827585,"Loosay",11.390616
12032130,"Sepid",11.382725
10569381,"Pregnancy",11.270874
3204677,"Vvn",11.261208
6830745,"DaHuJka",11.256348
16129459,"Squid Game",11.236046
11461810,"kagiura",11.116825
9327220,"Zhamso",11.104143
13471072,"tacogordo777",11.104143
6502403,"Lilily",11.099399
4780986,"Smarteyy",11.037064
11984937,"RafaelXDP",11.022342
9578404,"roliy",11.015211
8987016,"FDX",11.015211
7764237,"csaba21123",10.989759
11399181,"AVICE AURA",10.935669
1458932,"KyoouN",10.890118
4426728,"-Dreamless",10.848206
10499827,"Oosha",10.848206
9323821,"hedayo",10.848206
14100781,"hav",10.769653
12701607,"noncycle",10.738254
12344576,"Fun Fact",10.575374
20761711,"chicken_67",10.562062
3139364,"Joseph Jostar",10.555682
12739835,"villix",10.529902
12045254,"XenoPenguino",10.518868
7776967,"relrel",10.472093
3543130,"Michni",10.402757
12762744,"Toilet Player",10.340997
20811939,"iweezz",10.168926
10601725,"Senzek",10.161608
15658574,"ratbutbuff",10.108079
2003326,"emilia",10.097335
9980174,"sophills",9.960360
15475797,"FUNKYKONG",9.911192
6806754,"Ashdoll",9.874843
14067834,"n0 head",9.846768
19622020,"Areumi",9.846768
3010281,"Soba Noodles",9.746784
8195972,"kwotaq",9.715369
4415285,"El Condor Pasa",9.660040
9832900,"Suunr1ze",9.659604
18504521,"ncrohawk",9.653586
31793093,"nitystarex",9.647795
4185400,"-Nenu-",9.517746
11311597,"Viridin",9.404612
6583413,"Hraunfellsvatn",9.404612
4279650,"5joshi",9.382922
7192129,"Gasha",9.360502
11221025,"MintBlue_",9.350950
4733121,"Kariyu",9.341288
11596326,"imissher",9.222271
17676662,"paulthebest",9.200791
4458239,"ampy",9.167436
9809910,"Firo_SF",9.161923
9039174,"Def3nderFV",9.144786
15086625,"Antolions",9.043344
11607790,"Chzaron",9.036907
1887616,"Lexalia",9.005553
7081596,"Bomilk",8.995867
16395194,"Taylan_",8.981918
8758104,"Stravez0r",8.960744
19514891,"BOSNIATRUCKER13",8.951305
17706086,"reshamen",8.936116
15761757,"Vaychi",8.936116
3973474,"follon",8.755180
10384194,"somethingcooll",8.755180
12288389,"Petirabi",8.755180
11115071,"Lantic",8.755180
16436446,"Lunasa",8.740312
4033022,"blejd",8.726479
11776859,"quickscope yuri",8.675660
13864975,"ferom",8.666061
3673575,"4a463a77de8f1b5",8.590519
18340818,"toay",8.534041
15454062,"-Hatsune Miku",8.444812
9321674,"Orkay",8.348357
23280447,"hosesan1020",8.346364
25300323,"_-Astra-_",8.329985
7211425,"Frane",8.314637
3099689,"Xilver15",8.285988
18323282,"Goobie",8.285530
7154358,"Cuckweezy",8.203652
16905329,"Mariskiy Modnik",8.180615
4384207,"DigitalHypno",8.149662
6667041,"Dafonz",8.149662
7374212,"Dream Journey",8.149662
15858332,"Steak Beef",8.122971
4981809,"alimentaire",8.077536
243917,"val0108",8.058529
12482926,"zoomiee",8.055086
7657761,"Voss",8.023450
9858112,"AdonisXVIII",8.022531
23466979,"Swipy",8.005322
17994125,"kulerbruh",8.005322
11129034,"Spektre",8.000905
11305398,"Pancho",7.984081
4291505,"TheRainHome",7.943476
4460587,"Edviskrc",7.943005
14258938,"radicallad",7.902854
13310147,"Uzumaki",7.816631
13865320,"milosz kitten",7.782199
8432708,"uminekl",7.686937
19341539,"Meraxei",7.659420
13013277,"Laserente",7.641381
10779632,"heroiskawaii",7.624116
16660532,"Guhh",7.624116
16072892,"Setsuna Yamada",7.624116
19418309,"Vernwerg",7.624116
16928887,"tohkan",7.571820
5079282,"Ahrome",7.470117
19430137,"AlexBelea",7.469164
10735379,"SHEKERANDO",7.445577
13223964,"Martin Euchner",7.416142
35308757,"duerpv4",7.354966
4653583,"NO37",7.340933
30515363,"AlexusChristus",7.317280
13705417,"GET LOVED",7.292124
954557,"EmertxE",7.279781
10676766,"Naylicia",7.279781
10625283,"Enumi",7.197873
12762980,"Namotzu",7.154341
11582986,"Kyube",7.131648
11025519,"Oguri Cap",7.126304
4166621,"awawa",7.125089
14563346,"Chuckasinbeef",7.095075
15195364,"hollowknees",7.072514
19241975,"GamerPro3000",7.047124
11078815,"CRIMEA",7.000929
26352046,"lilybannanas9",6.978397
9863870,"Sieu Phan Dong",6.950599
12148238,"Timur",6.950599
10973116,"Miguen",6.950599
4857328,"KagaSumire",6.950599
9929781,"EvilGamings",6.879438
18345293,"Dessiderium",6.864561
6264206,"kemdaosa",6.825546
15908646,"soopie",6.825546
1874761,"hallowatcher",6.811595
17454289,"podlu",6.781504
7869036,"TomoChen",6.755529
11610772,"MakiDonalds",6.755529
3876402,"FlySlime",6.755529
9548473,"darkyn",6.739232
5586567,"Distracted",6.686208
7449949,"Vivlos",6.686208
4580287,"mode",6.686208
10172044,"Mokha",6.686208
6297102,"Derin",6.686208
15334533,"Daldor",6.549755
6440158,"Misumena",6.543925
12482781,"Wisoven",6.520034
14806365,"chests",6.513419
21164746,"IVIrBlaze",6.500520
7361767,"Woodzy",6.489813
10754709,"perich",6.410472
16716753,"Typeddiamond",6.409374
17465623,"yandax",6.409031
16197865,"Supernye",6.335055
1558603,"MouseEasy",6.332601
1545031,"NerO",6.169739
14787295,"Meower",6.141881
7948169,"Altrax",6.124154
2199427,"MioMilo",6.100870
2035254,"Kalanluu",6.100329
6787898,"Judani",6.061117
20840121,"francisqueso",6.042689
575795,"a12456",6.016280
12521607,"-Masta-",6.016280
12403742,"what about me",6.016280
4797389,"Abraham",5.954416
14506326,"Pittinger",5.876603
19006618,"connorr",5.845887
27345161,"Ahshi",5.773025
15587374,"ULTRABAYMAX1562",5.772492
5312766,"mosvannen",5.772492
18296748,"NAVY",5.772492
14264961,"iisobeyan",5.772492
9211305,"OctopuSSX",5.683557
14033569,"dantedel221",5.683557
9892525,"craizer",5.607902
10099005,"slynna",5.607902
20285591,"rlsc1109",5.576279
13831265,"WhitePixel_",5.572537
5132353,"[ Nano ]",5.572282
5791401,"lolol234",5.550002
6014327,"lovetap",5.497315
10507407,"Nymphe",5.462194
5718575,"Shiv",5.461260
13249394,"Rinyeki",5.424616
7865570,"Cassiel",5.416872
757783,"Garalulu",5.402138
16538717,"Daitaku Helios",5.401796
8617810,"Reimedd",5.398006
23205272,"scug",5.379733
4399129,"mokia-",5.374881
15594602,"My Angel Netsuz",5.368639
1341421,"Shizuru-",5.351849
15643196,"NekomitoOsu",5.340860
6737943,"Dynamic",5.340860
20460272,"-Spec",5.319535
9218026,"flag",5.300819
14095512,"Piotre13",5.285716
12585048,"SurvivorX4",5.252047
10434787,"CharleLee",5.229287
7266197,"Chyrubi",5.214497
25602812,"Neutromint",5.214497
7166246,"axon da gangsta",5.212643
6093148,"Shinkiro",5.204028
15213139,"gecseboti",5.204028
11034873,"Menoji",5.202640
10917620,"vana",5.150246
30507169,"Saranghae",5.123556
6511038,"Sambath",5.123556
21966377,"thanksook",5.123556
27114094,"Fixav",5.123556
7544766,"kamehameha0",5.122919
2539010,"ReusoL",5.096999
10210668,"SakuraSunset",5.096999
32036751,"JabuKa",5.023164
17465075,"[dekori]",5.008113
3149395,"richp2k",4.992587
8179335,"Micca",4.992089
4304495,"----",4.992089
18414466,"CosmoXR",4.992089
23913323,"werkzu",4.992089
8059468,"savilju",4.976286
21574224,"Zai Chenyao",4.928811
17841979,"NoWifi",4.915360
9253600,"Lapoz",4.914772
11388931,"sniperelite",4.914772
4279228,"Hungah",4.914772
11584075,"ganjanov",4.838607
9526124,"tights",4.785297
21177947,"Ben Man56",4.776428
7799629,"Galog",4.743435
1500305,"Neliel",4.697836
5407620,"Bronya",4.692235
6076529,"Chitogod",4.669614
7050679,"Sturvos",4.657550
9412127,"moar",4.638375
7172340,"KiryuMiya",4.627756
7941423,"chezbananas",4.617165
15469516,"doddack",4.579400
13517095,"OsuMaster1290",4.579310
1440585,"FreeDom",4.574703
4497582,"-Wolfy-",4.546569
25950535,"Mrkotikgg",4.526840
8128670,"Mysamine",4.521445
16485572,"IternaI",4.515302
10137131,"BlankTap",4.484016
3115283,"Freak Fantome",4.429065
7249261,"Taldux",4.427932
1266166,"Dsan",4.427932
12522447,"1ncert",4.404059
16048250,"CIash of Clans",4.402768
15431748,"hidensryz",4.386455
12000193,"Murzikk",4.370148
15100415,"pr1mary",4.344638
8252592,"Ragezeus",4.336271
26025472,"Shinitaii",4.335831
4430263,"Just2Gud",4.311666
9756249,"Thorfinn",4.256326
10772373,"Shio",4.224044
16867827,"Noty",4.214596
16640072,"Lysitea",4.202172
6225096,"Seamie",4.202172
13959253,"Zucchiniii",4.179863
2909663,"MarthXT",4.172041
11285958,"Biroche",4.158358
8832359,"GameDragon36",4.158358
1810239,"CrtReXn",4.150646
10829419,"shion",4.136615
8975836,"Snowy LP",4.113839
15651450,"soapings1",4.093454
9317883,"Leehai",4.093454
19911567,"slepingcookiegi",4.093454
19154954,"Dice",4.093454
18340710,"stennu",4.093454
12790250,"dokitori",4.092259
7731995,"its going up",4.072035
16772736,"Divava",4.069209
13284882,"Name94",4.068187
10224047,"Emerald Ages",4.060564
2787415,"MrPotato",4.029517
7629976,"asta is cute",4.029012
18207356,"-lexi",4.000682
13652059,"MietteDePain_",3.987421
12040280,"Xyloz",3.987421
14476231,"Akume-",3.983310
5434931,"Entarkanio",3.973705
18374171,"kioxu",3.972302
16669841,"amni sd",3.972302
17597862,"Guyan",3.962016
2742030,"Kuronora",3.928778
7079078,"bean juice",3.925063
6292234,"Sharqosity",3.925063
8734825,"mashed potatoes",3.905318
2312106,"GSBlank",3.892601
12566632,"OmegaOrigins",3.884007
3272902,"juliancala",3.856765
11132582,"mellowskies",3.856765
12130363,"Wiggler",3.856765
10909049,"Crestive",3.825883
12296128,"junamat",3.791076
30043630,"Marrelia",3.783145
13721982,"Keep Grinding",3.783145
712923,"Jaysin",3.783145
15401678,"Pugangsteris",3.783145
13166433,"jaren damian",3.783145
22213961,"AnteGxLegend",3.783145
21179733,"Kury83",3.783145
6069002,"Ush",3.776509
16750823,"spray-",3.746716
10909373,"vetoed",3.729846
29734709,"FireMeatloaf",3.696635
20705496,"WolfBoi",3.688939
114017,"KRZY",3.673109
5621203,"Nit",3.646109
13962152,"creator",3.555530
6726331,"[-Lockon-]",3.551121
3609581,"jaswon",3.551121
6094894,"Snakeq",3.536876
4230827,"theez",3.532406
3929529,"mniminwoo",3.532406
3872987,"-raizen-",3.532406
12064024,"E3kun",3.532037
10817550,"Toma 2",3.520899
10903375,"Germany",3.519623
7696512,"Hoaq",3.519623
9002704,"Shubingson",3.519623
6567297,"lowskilluser",3.503010
10738766,"TOCTEP",3.499239
4752123,"Remyuu",3.482559
25306176,"owoMaxx",3.476965
10229925,"enji",3.475400
10821032,"That6Digit",3.475400
9474976,"honbae",3.472532
21709356,"duke",3.471946
12249104,"Myonpaku",3.471170
15888502,"ph1x",3.458478
16552216,"Dacoma",3.458478
11324949,"_kioshi",3.422065
7858823,"DoIon",3.399651
4100604,"Area",3.371622
17779288,"SoStari",3.371622
15169131,"Selaph",3.371622
11854343,"shoyeu",3.371622
2197482,"Twintail",3.371622
5319959,"Master Oogway",3.359702
3360947,"_WinRAWR",3.355719
16006269,"Neatral",3.355719
6266914,"Abran",3.345934
9327337,"iToxicShadow",3.335973
20328948,"tayko",3.332609
9350560,"LynVA",3.320905
18150572,"Mr Wang",3.318281
13421286,"mmr demon 2017",3.269333
8824226,"FooTShOoT",3.266611
11308471,"Asriel",3.266611
12783604,"Nyuh",3.266611
11843685,"hifu",3.266611
27758743,"Remirakk",3.266611
15877309,"Kirfin",3.266611
18593653,"ming_en",3.241085
14252935,"astrin",3.225049
2538695,"umii",3.213971
10853073,"Puyui",3.213971
11361145,"bwa",3.213971
12033812,"Loganoss",3.213971
3946607,"Zigzagoon",3.213971
12407531,"D4rgZ",3.213971
16522589,"Teppi Fangirl",3.213971
16383481,"wack",3.213971
1818573,"Anroyz",3.194050
15995866,"Haelstrom",3.180905
6596066,"Ice Angel",3.177117
10699801,"bencyphyr",3.177117
21049273,"dorimeha",3.177117
14147492,"Kueelizzz",3.177117
17561841,"Ayanopon",3.177117
12086452,"Tile",3.176063
7361815,"cavoeboy",3.156202
12015003,"zfire",3.140143
10940007,"Ceiza",3.079670
3493804,"Eirra",3.060925
15263047,"Nitrine",3.053088
10830974,"Dlanor A Knox",3.030676
4277702,"Mystia",3.014507
8215374,"yumenoshima",3.013674
11106929,"Wispy",2.999314
6046526,"IcyBoat",2.966483
11921232,"Uchinaga Aeri",2.943385
12450422,"Riquiria",2.938242
3853840,"LaBron Jayms",2.928450
9632648,"soft kitten",2.919175
17962280,"linkay",2.900647
6088976,"Tzero",2.886358
6415103,"Senetix",2.886358
6145000,"Kehest",2.886358
14398471,"Rhetoric",2.886358
15167613,"Nyco",2.886358
19108592,"perhap",2.886358
10910184,"reiwu",2.884914
8071686,"Albanian Man",2.867361
11380644,"sephy",2.830258
6136994,"Winfly",2.825222
21695905,"sorinica",2.811508
9583048,"Koide",2.806753
11070577,"FAW",2.796433
7910282,"ddm",2.796433
7306698,"1103",2.780166
14140875,"OldBread",2.780166
11245184,"-Atour-",2.775160
13218204,"Polle",2.761523
16323116,"slim shady",2.758551
8641416,"Big Z",2.754068
20336659,"Luuon",2.751656
10316438,"Donut_fgc",2.750502
13206785,"Antaanar",2.750502
17086658,"Fmi",2.744681
11922986,"sriracha rice",2.735781
11989198,"Lotus",2.735781
12213656,"Superjonny64",2.735781
10997010,"TEQUILA BABY",2.735781
23532205,"-kyaru",2.735781
16178777,"enzoliu",2.735781
9155310,"SVEI",2.735781
8208289,"conradmittn",2.723612
10998824,"Twi Telescopium",2.722175
17621655,"AluPotat",2.722175
11236555,"ordinary",2.692057
4796794,"Vento",2.678504
14457670,"Rimbe",2.678504
10886314,"Snorlax",2.677627
18279125,"Remurii",2.677627
11731667,"KEKW_",2.664092
14449630,"swankitydankity",2.663269
13378004,"Karameru",2.649751
11568732,"Eat Natto",2.649751
18657692,"RaviNurul",2.649751
7502434,"Mozzarella",2.649751
18841145,"Lancelott",2.649751
4628473,"tones",2.643238
14252355,"Okayu",2.636977
1429071,"LolForest",2.634769
19803457,"hygeo",2.634769
8379270,"Reddd",2.634769
14948456,"AziimaN",2.634769
17789059,"ExspyredMilk",2.634769
26342680,"love katagiri",2.634769
8975823,"solid12398",2.620625
2694475,"kyle",2.620625
4911870,"[SHK]Shamiko",2.620625
24745181,"jeffreybot",2.620625
34673818,"XeoS1T43",2.620625
11016805,"- PPKM -",2.620625
12687597,"Outra",2.620625
10754758,"Crazy_RU",2.579115
15011165,"[ATOC]",2.578615
14679885,"ItzArtic",2.578615
11271502,"CRACK FIEND",2.564751
17496335,"Saruei",2.564751
4601608,"Sparkxei",2.564751
15226762,"madeinkr",2.564751
10038930,"Kucheryavyy",2.564751
13709281,"Paracat",2.551352
2562987,"azr8",2.537820
3619583,"Blendra",2.537574
5449433,"Ui chan",2.537230
8006029,"realshin",2.537230
6177006,"Nightsky",2.537230
629717,"GGBY",2.537230
7427847,"Fruril",2.515543
6831210,"Burtpi",2.483008
15478142,"nrbi",2.475829
4673649,"LUNAISTABBY",2.470370
1073575,"Rekens",2.469621
9363570,"kan58dan",2.469621
7737438,"Veron",2.429859
11053358,"Garage du Lac",2.429859
23613892,"Foufo",2.429859
18112324,"riwoto",2.429008
8364754,"waste-",2.424538
8752034,"AMR17",2.419424
12886328,"ingain",2.416737
3288107,"zuchima",2.395755
4227431,"xaxreid",2.395755
20861921,"zmecha",2.390689
7088349,"Kondou-Shinichi",2.377763
29845395,"zmops",2.356494
17847877,"Yukixo",2.339368
12988448,"Blad_D",2.338961
8485861,"dogeosu",2.338961
5559643,"Murakoi",2.338961
17022896,"-NyX",2.338961
20778568,"Useless Can",2.338961
6619303,"Cracento",2.326698
23756902,"Mirayy",2.326698
13588932,"pii",2.315470
11692680,"lolowyo",2.315470
10906834,"aquaDOR_",2.301546
12789853,"RiceShower",2.274850
14338955,"anjroo",2.266846
21967,"Adrean",2.266846
19971762,"gossytenfour",2.263594
21527894,"Darthh",2.239755
20885646,"everennae",2.239755
6303818,"vain",2.235754
4915980,"valera456",2.227582
16339964,"ToonlmaoXD",2.227582
6411190,"Ntikakis",2.227582
34867437,"paundze",2.227582
10243433,"Inflictives",2.227582
14175052,"AdrianMaster",2.205210
7236909,"Forse",2.177999
5371497,"Alumetri",2.177999
8631281,"TECAK",2.177999
14434221,"littleguy397658",2.167617
8537228,"Schabernack",2.167617
10360109,"neymar",2.155803
11662013,"Kakoto",2.155803
13236584,"-Jalter",2.155803
19579091,"HDD",2.155803
14936897,"-Hiikari-",2.155803
15984185,"niki612",2.155803
23112721,"this is so sad",2.155803
17062924,"HuyChann",2.155803
22771682,"cristo153",2.155803
14715031,"Lithian",2.155803
11710853,"Neuling1842",2.155803
16786480,"- Yuuu -",2.155803
32364013,"ddline",2.155803
21325560,"deymotur",2.155803
7339759,"LAST DANCE",2.155803
13791483,"farawaywithyou",2.155803
21541003,"masuu",2.155803
9904093,"J1x",2.151065
6716499,"ShaneLiang",2.109134
8005579,"iRedi",2.109134
26249841,"Wqlfing",2.109134
13919811,"pelsta",2.109134
14695064,"Loom",2.106466
4282963,"vitoco",2.096286
8147403,"Knalli",2.057782
11996187,"Kagu_",2.028091
24717776,"HAWAzin",2.023201
19013217,"Armada",1.985502
15100005,"-Whitedog-",1.985502
10115494,"NeoUser",1.985502
12059009,"Pitia",1.963745
17220331,"Ezenzial",1.963745
10350809,"iamanewb",1.961911
10359706,"rezendeevil",1.940289
4787223,"queue",1.940289
19975504,"a7na",1.940289
20512411,"micqaal",1.929559
10119845,"Petah Tikva",1.914109
23372701,"xQwake",1.889286
18783838,"RED40",1.868487
7645948,"Nyang",1.868487
7864787,"LordKirb",1.868487
11653711,"1Max",1.868487
13300963,"KpoJ1_MoHctp",1.868487
14362480,"Shutterstock",1.868487
10903878,"Sunda",1.868487
9377901,"REFANTAZIO",1.868487
19034045,"emrepkrr",1.868487
11794209,"POMAH",1.866291
13672885,"Smaragt",1.865353
948713,"Reimu-Desu",1.847894
4029000,"sonix",1.847894
11655886,"Basensorex",1.837675
20037221,"Fump",1.837675
10343292,"mint breeze",1.837675
31444348,"InkLyned",1.837675
18431006,"12Lizak",1.837675
2127620,"SakiMint",1.837675
6162099,"Yeel",1.837675
16420404,"Helfy0",1.827506
11759640,"kontener",1.827506
9836316,"-Danon",1.827506
15247939,"fisskill",1.827506
11371245,"aahoff",1.817389
14094599,"Vlad",1.814999
3215487,"Yellow-",1.814999
9574453,"Seol",1.814999
17817105,"PUCHUM",1.814999
13858963,"_Chonker",1.812438
12717144,"sakucherry",1.787337
14880483,"robotonic",1.787337
9047729,"Spev",1.784295
5570115,"Chubery",1.767552
12130906,"[ Master ]",1.747964
5425046,"Vespirit",1.729568
9256771,"gilraen",1.690360
12553985,"BusinessGoose05",1.690360
11403899,"SanyaVsunya",1.690360
959763,"Flask",1.680927
22329551,"HYUNG JOO",1.671540
10335625,"LogiDASH",1.671540
15660357,"mats on osu-",1.671540
9125830,"Chakrami",1.671540
5400349,"Netsuz",1.671540
16417954,"pizzouilleee",1.671540
4448118,"Koba",1.658174
4346274,"Vitya1437",1.634460
18539503,"Doyatify",1.621904
6761714,"Harpy",1.589140
14290988,"Banner",1.589140
11659029,"Destros",1.589140
35798411,"oyuii5460",1.585876
4360718,"shineroo",1.580211
11409111,"giulio",1.580211
9805331,"-Noel-",1.571326
4745025,"Luminance",1.571326
6808620,"Sowisty",1.571326
15714890,"[Ivy]",1.571326
10626955,"hidden on osu",1.571326
6360447,"jop",1.571326
6585939,"KOCT9H",1.562486
12692183,"-NoMercy",1.521013
14963905,"Read Horimiya",1.510365
9924464,"Sordruther",1.510365
10676573,"Birchman",1.510365
10598476,"Philly Cheese",1.510365
7338010,"nyrino",1.504283
6275784,"Slato",1.489715
30453456,"Doctor Sylveon",1.489715
1355695,"z980838928",1.476476
15504921,"reptier",1.468645
10590281,"fajga",1.453758
7673411,"cove",1.448584
6282195,"aether realm",1.448584
29019225,"skuth",1.448584
32506052,"Mdar",1.448584
5426769,"centrux",1.448584
12609022,"Sdot",1.435056
11005307,"sangoose",1.435056
17896085,"RiceballUwU",1.435056
9906300,"Snuce",1.418776
12816196,"Ruby_xy",1.418776
11865009,"Akiyama-Mizuki",1.418776
11506555,"suenzy",1.418776
15113620,"lilrocky",1.418776
11990235,"Duatoxy",1.418776
33003183,"asphyxiate",1.418776
28723623,"AgisLari",1.418776
29375561,"Whyok",1.418776
3681024,"Potatorz",1.418776
8157498,"lewkiss_",1.418776
12133987,"jayson92",1.418776
14102544,"Eugoon",1.416982
11790672,"zados",1.396538
11652827,"jixxi",1.378782
11955716,"ArmaniDilbo",1.378782
13676120,"Etfard",1.378782
24708254,"sh_TORTIK",1.366817
15139283,"Sakinom",1.339774
14452737,"riveren",1.339774
4369636,"Hiagg",1.339774
19534859,"tomada99",1.339774
22276910,"reviy",1.339774
16940669,"HasbinBTW",1.339774
23863342,"Neavako",1.339774
11203242,"-QYOURTX-",1.339774
14992372,"escudeiro",1.325428
4605548,"zabloink",1.324442
3512112,"callmebatya",1.324442
19887890,"ThatBoat",1.309263
12463047,"spon",1.301730
14326821,"damn bro",1.297382
126144,"Nezzar",1.286777
14473721,"mustifafifax",1.284013
10135888,"Yumo",1.275391
11553201,"RafeuX",1.267511
5155680,"VilaZ",1.264625
15787738,"Avias_",1.258555
10648025,"Testeron",1.257315
19775858,"Messiah Benz",1.252638
16468838,"glag",1.242803
10502278,"Calenn",1.235602
10858131,"Zigarette",1.228436
15841840,"Super Freak",1.193141
15841801,"Chakerski",1.193141
28201901,"6otomakas",1.193141
13147189,"AARONGAMER1",1.193141
9182389,"bibidibabidiboo",1.158717
9091312,"masi paws",1.158717
15296550,"FetherFall",1.158717
4803900,"ArkShadow",1.158717
11478426,"Dri3x",1.158717
19135423,"- Koshiin -",1.126798
6315784,"Dylson",1.115222
9650310,"Asckar",1.111947
15421908,"Lee Zii Jia",1.098882
5757765,"-Inazuma-",1.098882
13241562,"DarkScrap",1.098882
6708955,"milk tea",1.098882
2558163,"-Myhra",1.098882
2477878,"Sheba",1.098882
27911379,"Crops",1.098882
10643875,"Taterazay",1.098882
13080423,"seki",1.083838
1872936,"-Amia",1.079528
6566312,"Niphora",1.073141
11787679,"Robro47",1.073141
6375834,"Enns",1.047910
13276741,"_Kaczek_",1.041680
9501251,"ChillierPear",1.041680
13097638,"Juicy",1.041680
13617153,"WhiteCookies",1.023178
13925698,"ILBOSSDELPOPPIN",1.023178
12967997,"swake",0.992950
17013392,"friet",0.992950
16203859,"- Maelly",0.981452
26138009,"Hu2y",0.975173
26027222,"Misono MikaXD",0.975173
3437592,"CircleClick",0.963469
7748891,"xXChokgamerXx",0.937688
6673228,"amax",0.934716
9342760,"TheSVONOX",0.934716
4585205,"akiyama",0.934716
12622111,"Josee is my luv",0.923414
13744487,"Goold",0.917806
11393702,"Finney",0.906673
1363770,"Abababa",0.890180
6209095,"Velstadt",0.890180
1427407,"- Phantasma -",0.868572
16775763,"northsign",0.868572
9336886,"zeta",0.868572
12616850,"Miisted",0.868572
7807935,"kaoshii",0.868572
1545563,"Anze",0.857928
1218895,"Athanasia-",0.857928
10571662,"Jadekick",0.851895
4317480,"Malolat",0.851895
2226495,"Krai",0.851895
13944382,"LN-Larks",0.851895
11906249,"Yuhuyo",0.851895
33163631,"hoax",0.847042
4039773,"TinyPark",0.842161
3257847,"MyzeJD",0.836958
11518376,"HaSappy",0.836958
13125775,"CKboss1",0.825648
16359045,"Vayge",0.825648
12301388,"PieIsTheBest",0.825648
11393715,"Walter Frosch",0.825648
15271985,"AHotDawg",0.825648
6559190,"Zacil",0.825648
4241054,"TheOmyNomy",0.806279
9728880,"Gore_",0.806279
6081024,"Coreyellow",0.806279
652457,"_index",0.806279
14060103,"FANAT_PUDJA",0.806279
12264918,"El Milanga",0.806279
11470408,"Soldat101134",0.806279
10225573,"Fiplz",0.796256
15639107,"Ares Stark",0.796256
11021779,"JORMU9GAND",0.796256
18287680,"Futoi_",0.796256
17373073,"h1ngetu",0.796256
15893458,"P A D O R U",0.796256
16219419,"Kayxo_",0.796256
25314868,"- void",0.796256
1810719,"Neoh",0.791281
7388142,"its0ver",0.791281
9041858,"P3nt4g0n",0.791281
12483067,"zhighoulewski",0.791281
8250297,"teffek",0.791281
21706431,"man gaming",0.786332
5136821,"Toua",0.781407
9984244,"garab1k",0.781407
16727203,"Eikichi Onizuka",0.781407
4357340,"Konam",0.771631
11704176,"Holy Vincent",0.771631
10656864,"Nessy",0.768402
4571123,"Mighty Paws",0.760400
6216284,"aokana",0.760400
23363143,"SpwarkZ07",0.741162
10067974,"SSnow",0.738174
13190161,"Limu",0.738174
2212941,"Pein",0.725310
18736170,"ifox",0.725310
7551670,"ElectabuzzZ",0.710415
8352298,"CosmicWolf",0.710415
4934554,"hlanden",0.705869
13380038,"Sizumu",0.705869
2217753,"watun",0.705869
4149140,"kallax",0.696844
26827897,"endfighter555",0.696844
7861779,"cillian",0.690771
11108655,"Arosami",0.690771
17196487,"n i",0.690771
11223044,"oTs-Joaka",0.690771
2329891,"Pelafina",0.690199
5691595,"-ploo",0.690199
11644972,"nemq",0.679064
1837989,"MrBooM",0.672351
6284683,"Jagester",0.672351
2598812,"KuKu_QY",0.657333
9014203,"KyZzo",0.657333
11311195,"Naxtu",0.657333
10714308,"blackpoint675",0.657333
15569114,"CheeseCat",0.657333
12310873,"CTL-472",0.657333
10869615,"Osage-chan",0.657333
15289150,"Alvaroping1",0.657333
12648780,"knight87",0.650538
4859699,"[ Blue ]",0.641075
8211461,"Umatza",0.640335
4281350,"up44",0.640335
11210823,"Quartal",0.640335
14231431,"Anphans",0.636138
4483660,"Sky_Delta",0.625071
10065568,"LoonW",0.620900
4571336,"Floaddy",0.619560
9013565,"danielyi321",0.619560
20828655,"Disposable",0.619560
38104540,"rukimerznut",0.619560
14348847,"vozte",0.619560
19146698,"teaminhtg",0.616751
11482346,"Chiffa",0.616751
6371395,"Mariano",0.616751
14929183,"mamba mentality",0.610548
7447249,"zin",0.607342
8197506,"Qace",0.604425
12975612,"My Angel Bawe",0.604425
24133683,"grow a garden",0.604425
26210405,"Jibril is Hot",0.604425
32825049,"riichi",0.604425
13068732,"Scoozyxd",0.604425
12609743,"[ReiKo_Relax]",0.604425
21753287,"Deshoou",0.603310
9401816,"Ole",0.603310
18256124,"wizale",0.603310
13976265,"chasangel",0.603310
23792487,"_vlad",0.603310
12070555,"day drinking",0.599298
6607682,"Dry_Noodle",0.595306
29182741,"_Fabulous_",0.595306
12756813,"Rutygan",0.595306
11398156,"Luszer",0.595306
12178531,"I hate hidden",0.595306
6637202,"MatvikFX",0.595306
8500011,"Dianth",0.592282
8914317,"shiyumi",0.591334
18818598,"_Pawpie45_",0.591334
34898887,"KigurumiSungeki",0.591334
29571053,"Axeternal",0.591334
26638103,"Shinitaiii",0.591334
17707354,"-AJ",0.583449
12322135,"BruhMoment",0.580321
14987100,"Huguwu",0.580321
13857674,"mailman",0.579536
6595616,"Mirek",0.579536
33496954,"kirishima114514",0.575643
8152276,"biograft",0.575643
10997601,"peter-kun",0.567914
11477921,"My Angel Adry",0.564649
8701569,"Alfredo--",0.552687
8662706,"Tokora",0.552687
29365787,"GotOverIt777",0.552687
15900803,"zo_",0.552687
10771238,"skyfield_",0.552687
6750946,"cryptile",0.545186
26277369,"Maron",0.537761
10795296,"krb",0.534229
11476143,"bgm16",0.530409
12350960,"xractiv",0.519518
15019357,"arda",0.519518
11395298,"patos",0.519518
7786382,"boleks",0.515924
11469447,"arbusion",0.515924
6952125,"Beatrix",0.515924
9125328,"Zeezus",0.515924
16339761,"himeka",0.515924
8358987,"MioYamazaki",0.515924
16104885,"VANILLA KISSES",0.515924
12859996,"MemeMachine21",0.508790
10491153,"Robert40",0.508790
10015421,"Keely",0.508790